2069,魔爪芒果狂欢摩登罐330ml,魔爪,魔爪芒果狂欢罐装330毫升,
1377,魔爪超越摩登罐330,魔爪,魔爪超越高罐装330毫升,
541,魔爪原味摩登罐330毫升,魔爪,魔爪高罐装330毫升,
609,红牛维生素功能饮料250ml,红牛,红牛罐装250毫升,
610,红牛牛磺酸强化型饮料250ml,红牛,红牛牛磺酸强化型高罐装250毫升,
611,红牛奥地利进口劲能饮料250ml,红牛,红牛劲能饮料罐装250毫升,
2624,星巴克星倍醇焦香玛奇朵味罐装228毫升,星巴克,星巴克浓咖啡饮料焦香玛奇朵味罐装228毫升,
2625,星巴克星倍醇经典浓郁咖啡罐装228毫升,星巴克,星巴克咖啡饮料经典浓郁罐装228毫升,
2352,星巴克星倍醇经典美式咖啡罐装228毫升,星巴克,星巴克浓咖啡饮料星倍醇经典美式罐装228毫升,
2353,星巴克星倍醇黑醇摩卡味咖啡罐装228毫升,星巴克,星巴克浓咖啡饮料黑醇摩卡味罐装228毫升,
2354,星巴克星冰乐摩卡风味咖啡瓶281毫升,星巴克,星巴克咖啡饮料摩卡味玻璃瓶装281毫升,
2630,星巴克星冰乐香草味咖啡饮料玻璃瓶装281毫升,星巴克,星巴克咖啡饮料香草味玻璃瓶装281毫升,
1701,星巴克焦糖星冰乐咖啡瓶281毫升,星巴克,星巴克咖啡饮料焦糖味玻璃瓶装281毫升,
2626,星巴克红茶星冰乐奶茶饮料玻璃瓶装281毫升,星巴克,星巴克奶茶饮料红茶星冰乐玻璃瓶装281毫升,
2631,星巴克经典巧克力饮料瓶装275毫升,星巴克,星巴克含乳饮料经典巧克力味铝瓶装275毫升,
2330,雀巢咖啡冷萃拿铁风味浓咖啡饮料瓶装280毫升,雀巢咖啡,雀巢浓咖啡饮料冷萃拿铁风味瓶装280毫升,
2333,雀巢咖啡冷萃摩卡风味浓咖啡饮料瓶装280毫升,雀巢咖啡,雀巢浓咖啡饮料冷萃摩卡风味瓶装280毫升,
2331,雀巢咖啡冷萃美式风味无糖浓咖啡饮料瓶装280毫升,雀巢咖啡,雀巢浓咖啡饮料无糖冷萃美式风味瓶装280毫升,
2329,雀巢香滑咖啡罐装250毫升,雀巢咖啡,雀巢咖啡香滑罐装250毫升,
337,雀巢香浓咖啡罐装180ML,雀巢咖啡,雀巢咖啡浓香焙煎罐装180毫升,
338,雀巢特浓咖啡罐装180ML,雀巢咖啡,雀巢咖啡特浓罐装180毫升,
312,雀巢香滑咖啡罐装180ML,雀巢咖啡,雀巢咖啡原醇香滑罐装180毫升,
811,雀巢即饮咖啡丝滑焦糖风味268ml,雀巢咖啡,雀巢咖啡丝滑焦糖风味瓶装268毫升,
727,雀巢（Nestle）（丝滑摩卡）咖啡瓶装268ml,雀巢咖啡,雀巢咖啡丝滑摩卡瓶装268毫升,
728,雀巢咖啡丝滑榛果风味咖啡饮料268ml,雀巢咖啡,雀巢咖啡丝滑榛果风味瓶装268毫升,
311,雀巢丝滑拿铁咖啡268ml,雀巢咖啡,雀巢咖啡丝滑拿铁瓶装268毫升,
1698,麒麟火咖直火意式拿铁咖啡瓶440ml,麒麟咖啡,怡宝KIRIN火咖意式拿铁咖啡瓶装440毫升,
1696,麒麟火咖美式冰咖啡瓶440毫升,麒麟咖啡,怡宝KIRIN火咖美式冰咖啡瓶装440毫升,
1349,乔雅 浓香美式 咖啡 饮料 220ml,乔雅,乔雅浓香美式罐装220毫升,
1350,乔雅咖啡醇香拿铁220ml,乔雅,乔雅醇香拿铁罐装220毫升,
72,乔雅咖啡浓香经典拉罐180毫升,乔雅,乔雅浓香经典罐装180毫升,
74,乔雅咖啡浓香经典塑料瓶268毫升,乔雅,乔雅浓香经典瓶装268毫升,
75,乔雅咖啡醇香拿铁塑料268,乔雅,乔雅醇香拿铁瓶装268毫升,
466,乔雅咖啡焦糖玛琪多塑料268,乔雅,乔雅焦糖玛琪多瓶装268毫升,
697,乔雅美式咖啡杯 340毫升,乔雅,乔雅浓香美式杯装340毫升,
698,乔雅咖啡醇香拿铁杯340毫升,乔雅,乔雅醇香拿铁杯装340毫升,
1748,雅哈意大利经典咖啡瓶280毫升,统一雅哈,统一雅哈意式经典瓶装280毫升,
933,雅哈拿铁咖啡饮料瓶280ML,统一雅哈,统一雅哈醇香拿铁瓶装280毫升,
307,统一雅哈意式醇香拿铁280ML-CS,统一雅哈,统一雅哈咖啡意式醇香拿铁瓶装280毫升,
308,统一雅哈冰咖啡450ML,统一雅哈,统一雅哈冰咖啡瓶装450毫升,
1706,三得利利趣拿铁咖啡瓶480毫升,三得利咖啡,三得利利趣拿铁瓶装480毫升,
1498,三得利蜜香暖姜瓶350毫升,三得利果汁,三得利蜜香暖姜瓶装350毫升,
2591,三得利蜜香暖柚瓶350毫升,三得利果汁,三得利蜜香暖柚瓶装350毫升,
2590,三得利蜜香暖橙瓶350毫升,三得利果汁,三得利蜜香暖橙瓶装350毫升,
1497,三得利蜜香暖苹瓶350毫升,三得利果汁,三得利蜜香暖苹瓶装350毫升,
330,三得利蜜香清柚柚子味果汁饮料450ML,三得利果汁,三得利蜜香清柚瓶装450毫升,
1500,娃哈哈Hello C凤梨椰香瓶450毫升,娃哈哈果汁,娃哈哈HELLO-C凤梨椰香复合果汁饮料瓶装450毫升,
1512,娃哈哈来一榨椰汁瓶1.5升,娃哈哈果汁,娃哈哈来一榨椰汁瓶装1500毫升,
1805,娃哈哈果汁蜂蜜冰糖雪梨瓶450毫升,娃哈哈果汁,娃哈哈蜂蜜冰糖雪梨瓶装450毫升,
1516,娃哈哈番石榴C果汁瓶500毫升,娃哈哈果汁,娃哈哈番石榴C瓶装500毫升,
1807,娃哈哈苹果C果汁饮料瓶1.5升,娃哈哈果汁,娃哈哈苹果C瓶装1500毫升,
1507,娃哈哈蜜桃C瓶1.5升,娃哈哈果汁,娃哈哈蜜桃C瓶装1500毫升,
1800,娃哈哈问候阳光百香风情芒果复合果汁饮品瓶500毫升,娃哈哈果汁,娃哈哈问候阳光百香风情芒果复合果汁饮品瓶装500毫升,
936,娃哈哈橙C橙飲料瓶1.5ML,娃哈哈果汁,娃哈哈香橙C橙汁饮料瓶装1500克,
226,娃哈哈蜂蜜冰糖雪梨梨汁饮料>=10%500ML,娃哈哈果汁,娃哈哈蜂蜜冰糖雪梨瓶装500毫升,
352,娃哈哈营养果粒橙汁饮料450ML,娃哈哈果汁,娃哈哈营养果粒橙汁饮料瓶装450毫升,
353,娃哈哈营养果粒水蜜桃汁饮料450ML,娃哈哈果汁,娃哈哈营养果粒水蜜桃饮料瓶装450毫升,
345,娃哈哈来自意大利血橙血橙橙汁饮品450ML,娃哈哈果汁,娃哈哈来自意大利血橙瓶装450毫升,
350,娃哈哈HELLO-C柠檬柠檬汁饮料+蜂蜜450ML,娃哈哈果汁,娃哈哈HELLO-C柠檬汁饮料瓶装450毫升,
351,娃哈哈HELLO-C西柚复合果汁饮料+蜂蜜450ML,娃哈哈果汁,娃哈哈HELLO-C柚复合果汁饮料瓶装450毫升,
346,娃哈哈晶莹葡萄白葡萄汁饮品500ML,娃哈哈果汁,娃哈哈晶莹葡萄白葡萄汁饮品瓶装500毫升,
347,娃哈哈橙汁饮品500ML,娃哈哈果汁,娃哈哈橙汁饮品瓶装500毫升,
348,娃哈哈葡萄汁饮品500ML,娃哈哈果汁,娃哈哈葡萄汁饮品瓶装500毫升,
349,娃哈哈水蜜桃汁饮品500ML,娃哈哈果汁,娃哈哈水蜜桃汁饮品瓶装500毫升,
1082,果缤纷 Tropicana 蜜瓜4味 (450ml),纯果乐,Tropicana纯果乐果缤纷蜜瓜美味瓶装450毫升,
1325,纯果乐果缤纷凤梨 + 柠檬 + 苹果 复合果汁饮料塑料瓶500毫升,纯果乐,Tropicana纯果乐果缤纷凤梨柠檬味瓶装450毫升,
2641,纯果乐果缤纷复合果汁橙子和猕猴桃瓶1500毫升,纯果乐,Tropicana纯果乐果缤纷金橙奇异果味瓶装1250毫升,
2640,纯果乐果缤纷复合果汁橙子和猕猴桃瓶500毫升,纯果乐,Tropicana纯果乐果缤纷金橙百香果味瓶装450毫升,
2290,纯果乐果缤纷荔枝椰青味瓶装500毫升,纯果乐,Tropicana纯果乐果缤纷荔枝椰青味瓶装450毫升,
2642,纯果乐柠爽葡醉味复合果汁饮料瓶装 1.25 升+250毫升,纯果乐,Tropicana纯果乐果缤纷柠爽葡醉味瓶装1250毫升,
716,纯果乐果缤纷金橙百香果味500ml,纯果乐,Tropicana纯果乐果缤纷金橙百香果味瓶装450毫升,
950,纯果乐蜜桃樱桃味果汁塑料瓶 500 毫升,纯果乐,Tropicana纯果乐果缤纷蜜桃樱桃味瓶装450毫升,
320,纯果乐鲜果粒热带美味果粒果汁塑料瓶500ML-CS,纯果乐,Tropicana纯果乐果缤纷热带美味瓶装450毫升,
1313,雪菲力荔枝味复合果汁利乐包 250毫升,雪菲力果汁,雪菲力荔枝饮料盒装250毫升,
333,统一鲜橙多果汁饮料塑料瓶1250ML-CS,统一果汁,统一鲜橙多瓶装1500毫升,
713,统一 鲜橙多 2L,统一果汁,统一鲜橙多瓶装2000毫升,
220,统一芒果多果汁饮料>=10%塑料瓶2000ML-CS,统一果汁,统一芒果多瓶装2000毫升,
221,统一蜜桃多蜜桃果汁饮料≥10%塑料瓶2000ML,统一果汁,统一蜜桃多瓶装2000毫升,
215,统一蜜桃多蜜桃果汁饮料≥10%砖型包装250ML,统一果汁,统一蜜桃多盒装250毫升,
216,统一鲜橙多鲜橙果汁饮料≥10%砖型包装250ML,统一果汁,统一鲜橙多盒装250毫升,
332,统一蜜桃多蜜桃果汁饮料塑料瓶450ML,统一果汁,统一蜜桃多瓶装450毫升,
217,统一芒果多果汁饮料>=10%塑料瓶450ML-CS,统一果汁,统一芒果多瓶装450毫升,
218,统一葡萄多葡萄果汁饮料>=10%塑料瓶450ML-CS,统一果汁,统一葡萄多瓶装450毫升,
219,统一鲜橙多果汁饮料>=10%塑料瓶450ML-CS,统一果汁,统一鲜橙多瓶装450毫升,
1055,天喔茶庄 C满E 柠檬汁+西柚汁 500 毫升,天喔茶庄果汁,天喔茶庄C满E柠檬汁+西柚汁瓶装500毫升,
1057,天喔茶庄C满E柠檬汁+水蜜桃 500 毫升,天喔茶庄果汁,天喔茶庄C满E柠檬汁+水蜜桃汁瓶装500毫升,
1059,天喔茶庄C满E柠檬汁+百香果汁500毫升,天喔茶庄果汁,天喔茶庄C满E柠檬汁+百香果汁瓶装500毫升,
1056,天喔茶庄C满E柠檬汁+石榴汁 500 毫升,天喔茶庄果汁,天喔茶庄C满E柠檬汁+石榴汁瓶装500毫升,
1058,天喔茶庄C满E柠檬汁+芒果汁500毫升,天喔茶庄果汁,天喔茶庄C满E柠檬汁+芒果汁瓶装500毫升,
1283,天喔茶庄C满E柠檬汁+西柚汁 500毫升,天喔茶庄果汁,天喔茶庄C满E柠檬汁+西柚汁瓶装500毫升,
1774,美汁源果粒橙420ML,美汁源,美汁源果粒橙瓶装420毫升,
1330,美汁源玫瑰风味葡萄汁饮料塑料瓶1升,美汁源,美汁源爽粒花语红葡萄+玫瑰瓶装1000毫升,
2071,美汁源百香果柠檬420ML,美汁源,美汁源百香果柠檬复合果汁饮料瓶装420毫升,
686,美汁源爽粒花语槐花风味葡萄汁塑料瓶 1公升,美汁源,美汁源爽粒花语白葡萄+槐花瓶装1000毫升,
687,美汁源三重果粒橙橙汁塑料瓶 1公升,美汁源,美汁源三重果粒橙瓶装1000毫升,
688,美汁源热带果粒热带风味复合果汁塑料瓶 1公升,美汁源,美汁源热带果粒瓶装1000毫升,
536,美汁源 淳萃柠 复合果汁饮料1L,美汁源,美汁源淳萃柠瓶装1000毫升,
538,美汁源淳萃橙1L,美汁源,美汁源淳萃橙瓶装1000毫升,
99,美汁源果粒橙塑料瓶 1.25公升,美汁源,美汁源果粒橙瓶装1250毫升,
101,美汁源热带果粒塑料1.25L,美汁源,美汁源热带果粒瓶装1250毫升,
106,美汁源白葡萄塑料1.25L,美汁源,美汁源爽粒葡萄瓶装1250毫升,
87,美汁源粒橙塑料1.8,美汁源,美汁源果粒橙瓶装1800毫升,
627,美汁源果粒橙康美包 190毫升,美汁源,美汁源果粒橙盒装190毫升,
85,美汁源果粒雪梨塑料260,美汁源,美汁源果粒雪梨瓶装260毫升,
83,美汁源粒橙塑料260,美汁源,美汁源果粒橙瓶装260毫升,
84,美汁源果粒苹果塑料260,美汁源,美汁源果粒苹果瓶装260毫升,
629,美汁源果粒橙塑料瓶300毫升,美汁源,美汁源果粒橙瓶装300毫升,
593,美汁源果粒橙摩登罐 310毫升,美汁源,美汁源果粒橙高罐装310毫升,
86,美汁源果粒橙罐装310,美汁源,美汁源果粒橙罐装310毫升,
535,美汁源淳萃柠 塑料瓶毫升350毫升,美汁源,美汁源淳萃柠瓶装350毫升,
537,美汁源淳萃橙汁饮料塑料瓶350毫升,美汁源,美汁源淳萃橙瓶装350毫升,
623,美汁源三重果粒橙橙汁塑料瓶 420ml,美汁源,美汁源三重果粒橙瓶装420毫升,
624,美汁源爽粒花语玫瑰 塑料 420,美汁源,美汁源爽粒花语红葡萄+玫瑰瓶装420毫升,
625,美汁源爽粒花语槐花 塑料 420,美汁源,美汁源爽粒花语白葡萄+槐花瓶装420毫升,
626,美汁源热带果粒热带风味复合塑料420ml,美汁源,美汁源热带果粒瓶装420毫升,
89,美汁源粒橙450,美汁源,美汁源果粒橙瓶装450毫升,
90,美汁源果粒苹果塑料450,美汁源,美汁源果粒苹果瓶装450毫升,
100,美汁源热带果粒450,美汁源,美汁源热带果粒瓶装450毫升,
102,美汁源白葡萄450ml,美汁源,美汁源爽粒葡萄瓶装450毫升,
103,美汁源芒果塑料450ml,美汁源,美汁源果粒芒果瓶装450毫升,
104,美汁源果粒雪梨塑料450,美汁源,美汁源果粒雪梨瓶装450毫升,
105,美汁源爽粒红葡萄塑料450,美汁源,美汁源爽粒红葡萄瓶装450毫升,
516,美汁源果粒橙瓜拉纳风味塑料瓶 450毫升,美汁源,美汁源果粒橙瓜拉纳风味瓶装450毫升,
88,美汁源果粒橙塑料750毫升,美汁源,美汁源果粒橙瓶装750毫升,
1275,五大湖紫葡萄汁600ml,大湖,大湖GreatLakes100%紫葡萄汁玻璃瓶装600毫升,
1037,大湖100%苹果葡萄汁1 l,大湖,大湖GreatLakes100%苹果葡萄汁瓶装1000毫升,
1038,大湖100％红葡萄汁600毫升,大湖,大湖GreatLakes100%红葡萄汁玻璃瓶装600毫升,
1279,大湖原味苹果汁255毫升,大湖,大湖GreatLakes100%苹果汁玻璃瓶装255毫升,
1284,大湖原汁桃1l,大湖,大湖GreatLakes100%桃汁瓶装1000毫升,
1277,大湖明亮的橙汁橙汁2l,大湖,大湖明朗橙口味饮料瓶装2000毫升,
1801,大湖明朗山楂果汁饮料瓶1升,大湖,大湖明朗山楂口味饮料瓶装1000毫升,
1799,大湖明朗猕猴桃果汁饮料瓶1升,大湖,大湖明朗猕猴桃味饮料瓶装1000毫升,
1274,大湖橙汁255毫升,大湖,大湖GreatLakes100%橙汁玻璃瓶装255毫升,
1804,大湖西柚果汁饮料瓶1升,大湖,大湖GreatLakes100%西柚汁瓶装1000毫升,
937,五大湖100％苹果汁瓶1L,大湖,大湖GreatLakes100%苹果汁瓶装1000毫升,
939,五大湖100％橙汁1L,大湖,大湖GreatLakes100%橙汁瓶装1000毫升,
938,五大湖100％苹果汁瓶600ml,大湖,大湖GreatLakes100%苹果汁玻璃瓶装600毫升,
2286,康师傅冰糖香柚瓶装500毫升,康师傅果汁,康师傅冰糖香柚瓶装500毫升,
1047,康师傅水晶葡萄果汁瓶1升,康师傅果汁,康师傅水晶葡萄瓶装1000毫升,
1048,康师傅陈皮酸梅汁 500 ml,康师傅果汁,康师傅陈皮酸梅瓶装500毫升,
916,康師傅桃（塑料瓶）1000ML,康师傅果汁,康师傅水蜜桃瓶装1000毫升,
927,康師傅鮮橙（塑料瓶）1000ML,康师傅果汁,康师傅鲜果橙瓶装1000毫升,
186,康师傅冰糖雪梨梨汁果汁饮料>=10%塑料瓶1500ML-CS,康师傅果汁,康师傅冰糖雪梨瓶装1000毫升,
189,康师傅鲜果橙1500ML,康师傅果汁,康师傅鲜果橙瓶装1500毫升,
190,康师傅水蜜桃果汁饮料果汁含量>=10%塑料瓶1500ML-CS,康师傅果汁,康师傅水蜜桃瓶装1500毫升,
191,康师傅鲜果橙2000ML,康师傅果汁,康师傅水蜜桃瓶装2000毫升,
192,康师傅水晶葡萄果汁饮料>=10%2000ML-CS,康师傅果汁,康师傅水晶葡萄瓶装2000毫升,
193,康师傅水蜜桃汁>=10%塑料瓶2000ML-CS,康师傅果汁,康师傅水蜜桃瓶装2000毫升,
931,康师傅冰糖雪梨（利乐包装）250毫升,康师傅果汁,康师傅冰糖雪梨盒装250毫升,
924,康師傅桃（罐裝）310ML,康师傅果汁,康师傅水蜜桃罐装310毫升,
930,康師傅番石榴汁（塑料瓶）450ML,康师傅果汁,康师傅番石榴汁瓶装450毫升,
188,康师傅水蜜桃汁>=10%塑料瓶450ML-CS,康师傅果汁,康师傅水蜜桃瓶装450毫升,
323,康师傅水晶葡萄450ml,康师傅果汁,康师傅水晶葡萄瓶装450毫升,
324,康师傅鲜果橙橙水果饮料450ml,康师傅果汁,康师傅鲜果橙瓶装450毫升,
183,康师傅传养果荟冰糖山楂水果饮料>=5%塑料瓶500ML-CS,康师傅果汁,康师傅冰糖山楂瓶装500毫升,
184,康师傅冰糖雪梨果汁饮料>=10%塑料瓶500ML-CS,康师傅果汁,康师傅冰糖雪梨瓶装500毫升,
236,康师傅冰糖柠檬500ml,康师傅果汁,康师傅冰糖柠檬瓶装500毫升,
185,康师傅冰糖雪梨果汁饮料果汁含量>=10%塑料瓶1l,康师傅果汁,康师傅冰糖雪梨瓶装1000毫升,
234,椰树天然椰子果汁饮料砖型包装1000ML,正宗椰树,正宗椰树牌椰汁植物蛋白饮料盒装1000毫升,
730,椰树 椰汁正宗椰树牌椰子汁饮料 1.25L,正宗椰树,正宗椰树牌椰汁植物蛋白饮料瓶装1250毫升,
232,椰树椰汁果汁饮料罐装245ML,正宗椰树,正宗椰树牌椰汁植物蛋白饮料罐装245毫升,
233,椰树天然椰子果汁饮料砖型包装245ML,正宗椰树,正宗椰树牌椰汁植物蛋白饮料盒装245毫升,
711,海南椰树牌椰汁330ml,正宗椰树,正宗椰树牌椰汁植物蛋白饮料盒装330毫升,
229,味全每日C鲜橙果汁100%需冷藏塑料瓶300ML,味全每日 C,味全每日C100%橙汁瓶装300毫升,
951,统一冰糖雪梨饮料1升,统一饮养四季,统一冰糖雪梨瓶装1000毫升,
224,统一冰糖雪梨梨汁饮料>=10%塑料瓶2000ML-CS,统一饮养四季,统一冰糖雪梨瓶装2000毫升,
222,统一冰糖雪梨果汁饮料>=10%砖型包装250ML-CS,统一饮养四季,统一冰糖雪梨盒装250毫升,
334,统一冰糖金橘水果饮料塑料瓶500ML-CS,统一饮养四季,统一冰糖金橘瓶装500毫升,
223,统一冰糖雪梨梨汁饮料>=10%塑料瓶500ML,统一饮养四季,统一冰糖雪梨瓶装500毫升,
604,农夫果园30％橙橙色Pineberry 1.8L,农夫果园,农夫山泉农夫果园橙+胡萝卜+苹果+菠萝+猕猴桃瓶装1800毫升,
211,农夫果园30%混合果蔬苹果西柚芒果橙葡萄果汁饮料塑料瓶500ML,农夫果园,农夫山泉农夫果园苹果+西柚+芒果+橙+葡萄瓶装500毫升,
209,农夫果园番茄+草莓+樱桃李+葡萄+黑加仑混合饮料30%塑料瓶500ML,农夫果园,农夫山泉农夫果园番茄+草莓+樱桃李+葡萄+黑加仑瓶装500毫升,
603,农夫果园30％橙500ml,农夫果园,农夫山泉农夫果园橙+胡萝卜+苹果+菠萝+猕猴桃瓶装500毫升,
328,汇源果汁果乐果汁饮料柠檬+苹果500ml,汇源果汁果乐,汇源果汁果乐柠檬+苹果瓶装500毫升,
329,汇源果汁果乐果汁饮料橙子+苹果 500ml,汇源果汁果乐,汇源果汁果乐橙子+苹果瓶装500毫升,
187,康师傅传养果荟蜂蜜柚子汁果汁饮料>=2.5%塑料瓶500ML-CS,康师傅传养果荟,康师傅蜂蜜柚子瓶装500毫升,
1514,汇源100％桃复合果汁 330毫升,汇源,汇源100%桃复合果汁盒装330毫升,
1508,汇源100％橙汁 330毫升,汇源,汇源100%橙汁盒装330毫升,
1509,汇源100％苹果汁 330毫升,汇源,汇源100%苹果汁盒装330毫升,
2617,汇源果粒王橙汁饮料瓶装2.5升,汇源,汇源果粒王橙汁饮料瓶装2500毫升,
1503,汇源果肉多桃汁纸浆瓶2.5升,汇源,汇源果肉多桃口味果肉饮料瓶装2500毫升,
1504,汇源果肉多橙果汁瓶2.5升,汇源,汇源果肉多橙汁饮料瓶装2500毫升,
1293,汇源桃汁2l,汇源,汇源桃汁饮料瓶装2000毫升,
1040,汇源桃汁瓶1.5升,汇源,汇源桃汁饮料瓶装1500毫升,
1039,汇源橙汁瓶2升,汇源,汇源橙汁饮料瓶装2000毫升,
1046,汇源橙汁瓶500毫升,汇源,汇源橙汁饮料瓶装500毫升,
1041,汇源猕猴桃果汁塑料瓶2.5升,汇源,汇源果肉多猕猴桃果肉饮料瓶装2500毫升,
1043,汇源菠蘿汁1升,汇源,汇源菠萝汁盒装1000毫升,
1499,汇源鲜果饮橙汁 200毫升,汇源,汇源鲜果饮橙汁盒装200毫升,
1808,汇源鲜果饮橙汁250毫升,汇源,汇源鲜果饮橙汁盒装250毫升,
1505,汇源鲜果饮芒果汁 250毫升,汇源,汇源鲜果饮芒果汁盒装250毫升,
959,汇源鮮桃果汁1升,汇源,汇源100%桃汁盒装1000毫升,
197,汇源100%橙汁果汁砖型包装1000ML-CS,汇源,汇源100%橙汁盒装1000毫升,
198,汇源苹果果汁100%砖型包装1000ML,汇源,汇源100%苹果汁盒装1000毫升,
199,汇源葡萄果汁100%砖型包装1000ML,汇源,汇源100%葡萄汁盒装1000毫升,
200,汇源草莓果肉果汁≥40%砖型包装1000ML-CS,汇源,汇源果肉多草莓口味果肉饮料盒装1000毫升,
201,汇源桃果肉果汁≥40%砖型包装1000ML,汇源,汇源果肉多桃口味果肉饮料盒装1000毫升,
194,汇源100%鲜橙汁砖型包装200ML-CS,汇源,汇源100%橙汁盒装200毫升,
195,汇源苹果果汁100%砖型包装200ML,汇源,汇源100%苹果汁盒装200毫升,
196,汇源鲜桃果肉果汁100%砖型包装200ML,汇源,汇源100%桃汁盒装200毫升,
202,汇源100%葡萄汁200ML,汇源,汇源100%葡萄汁盒装200毫升,
205,汇源橙果汁≥30%塑料瓶2500ML,汇源,汇源果汁系列橙汁瓶装2500毫升,
1766,康师傅蜜桃小酪瓶500毫升,康师傅轻养果荟,康师傅蜜桃小酪瓶装500毫升,
322,康师傅蜂蜜酸枣500ML,康师傅轻养果荟,康师傅蜂蜜酸枣瓶装500毫升,
335,康师傅酸梅汤果汁饮料塑料瓶500ml,康师傅轻养果荟,康师傅酸梅汤瓶装500毫升,
760,康师傅营养水果马蹄500毫升,康师傅轻养果荟,康师傅竹蔗马蹄瓶装500毫升,
602,康师傅轻养果荟蜂蜜柚子500ml,康师傅轻养果荟,康师傅蜂蜜柚子瓶装500毫升,
731,康师傅 海晶柠檬500ml,康师傅轻养果荟,康师傅海晶柠檬瓶装500毫升,
732,康师傅 芒果小酪500ml,康师傅轻养果荟,康师傅芒果小酪瓶装500毫升,
2337,康师傅每日C沁爽葡萄汁饮品罐装310毫升,康师傅每日C,康师傅每日C沁爽葡萄罐装310毫升,
2339,康师傅每日C活力黑加仑味复合果汁饮品瓶装330毫升,康师傅每日C,康师傅每日CPLUS活力黑加仑味瓶装330毫升,
2340,康师傅每日C阳光甜橙味复合果汁饮品瓶装330毫升,康师傅每日C,康师傅每日CPLUS阳光甜橙味瓶装330毫升,
2338,康师傅每日C阳光甜橙味复合果汁饮品瓶装500毫升,康师傅每日C,康师傅每日C阳光甜橙瓶装500毫升,
2589,康师傅每日C阳光甜橙橙汁饮品罐装310毫升,康师傅每日C,康师傅每日C阳光甜橙罐装310毫升,
325,康师傅每日C红葡萄汁饮料塑料瓶500ml,康师傅每日C,康师傅每日C甜润红葡萄瓶装500毫升,
326,康师傅每日C水晶葡萄果汁饮料塑料瓶500ml,康师傅每日C,康师傅每日C水晶葡萄瓶装500毫升,
327,康师傅每日C阳光甜橙橙汁饮品 500ml,康师傅每日C,康师傅每日C阳光甜橙瓶装500毫升,
82,酷儿橙汁1.5L,酷儿果汁,酷儿橙汁瓶装1500毫升,
640,酷儿橙汁塑料瓶 300毫升,酷儿果汁,酷儿橙汁瓶装300毫升,
76,酷儿橙汁拉罐310,酷儿果汁,酷儿橙汁罐装310毫升,
485,酷儿橙汁塑料瓶 450毫升,酷儿果汁,酷儿橙汁瓶装450毫升,
79,酷儿苹果塑料450,酷儿果汁,酷儿苹果汁瓶装450毫升,
80,酷儿葡萄450ML,酷儿果汁,酷儿葡萄汁瓶装450毫升,
81,酷儿蜜桃塑料450,酷儿果汁,酷儿蜜桃汁瓶装450毫升,
212,水溶C100金装柠檬汁饮料445ML,农夫山泉水溶 C100,农夫山泉水溶C100柠檬味复合果汁饮料瓶装445毫升,
213,水溶C100西柚果汁饮料≥12%塑料瓶445ML,农夫山泉水溶 C100,农夫山泉水溶C100西柚汁饮料瓶装445毫升,
606,水溶C100青皮橘饮料瓶装445ML,农夫山泉水溶 C100,农夫山泉水溶C100青皮桔味复合果汁饮料瓶装445毫升,
1847,娃哈哈大红枣枸杞酸奶饮品450毫升,娃哈哈奶,娃哈哈大红枣枸杞酸奶饮品瓶装450毫升,
2595,娃哈哈大红枣枸杞酸奶饮品瓶装450毫升,娃哈哈奶,娃哈哈大红枣枸杞酸奶饮品瓶装450毫升,
1496,娃哈哈牛奶芒果酸奶饮料瓶450毫升,娃哈哈奶,娃哈哈芒果酸奶饮品瓶装450毫升,
2289,娃哈哈钙多多营养酸奶饮品瓶装200毫升,娃哈哈奶,娃哈哈钙多多营养酸奶饮品瓶装200克,
2656,娃哈哈锌多多营养酸奶饮品瓶装200毫升,娃哈哈奶,娃哈哈锌多多营养酸奶饮品瓶装200克,
1845,娃哈哈锌爽歪歪营养酸奶瓶200毫升,娃哈哈爽歪歪,娃哈哈锌爽歪歪营养酸奶饮品瓶装200克,
1704,旺仔牛奶纸盒125毫升,旺仔牛奶,旺旺旺仔牛奶复原乳盒装125毫升,
2659,旺仔牛奶罐装245毫升,旺仔牛奶,旺旺旺仔牛奶复原乳罐装245毫升,
2658,旺仔苹果味牛奶罐装245毫升,旺仔牛奶,旺旺旺仔牛奶复原乳苹果味罐装245毫升,
646,娃哈哈AD钙奶 220ml,娃哈哈AD钙奶,娃哈哈AD钙奶瓶装220克,
291,娃哈哈AD钙奶饮品330ML,娃哈哈AD钙奶,娃哈哈AD钙奶瓶装330克,
1347,美汁源果粒奶优椰子450,果粒奶优,美汁源果粒奶优椰子味瓶装450毫升,
460,美汁源果粒奶优草莓味1.25L,果粒奶优,美汁源果粒奶优草莓味瓶装1250毫升,
461,美汁源果粒奶优蜜桃味1.25L,果粒奶优,美汁源果粒奶优蜜桃味瓶装1250毫升,
133,美汁源果粒奶优菠萝450g,果粒奶优,美汁源果粒奶优菠萝味瓶装450毫升,
136,美汁源果粒奶优原味450g,果粒奶优,美汁源果粒奶优原味瓶装450毫升,
137,美汁源果粒奶优芒果450g,果粒奶优,美汁源果粒奶优芒果味瓶装450毫升,
139,美汁源果粒奶优香蕉450g,果粒奶优,美汁源果粒奶优香蕉味瓶装450毫升,
514,美汁源果粒奶优蜜桃450g,果粒奶优,美汁源果粒奶优蜜桃味瓶装450毫升,
515,美汁源果粒奶优草莓450g,果粒奶优,美汁源果粒奶优草莓味瓶装450毫升,
301,娃哈哈营养快线菠萝味牛奶果汁饮品(>=0.7)1500ML,娃哈哈营养快线,娃哈哈营养快线水果牛奶饮品菠萝味瓶装1500克,
302,娃哈哈营养快线香草淇淋味牛奶果汁饮品(>=0.7)1500ML,娃哈哈营养快线,娃哈哈营养快线水果牛奶饮品香草冰激凌味瓶装1500克,
303,娃哈哈营养快线椰子味牛奶果汁饮品(>=0.7)1500ML,娃哈哈营养快线,娃哈哈营养快线水果酸奶饮品椰子味瓶装1500克,
304,娃哈哈营养快线原味牛奶果汁饮品(>=0.7)1500ML,娃哈哈营养快线,娃哈哈营养快线水果牛奶饮品原味瓶装1500克,
292,娃哈哈营养快线菠萝味牛奶果汁饮品(>=0.7)300ML,娃哈哈营养快线,娃哈哈营养快线水果牛奶饮品菠萝味瓶装300克,
293,娃哈哈营养快线原味牛奶果汁饮品(>=0.7)280ML,娃哈哈营养快线,娃哈哈营养快线水果牛奶饮品原味瓶装280克,
294,娃哈哈营养快线椰子味牛奶果汁饮品(>=0.7)350ML,娃哈哈营养快线,娃哈哈营养快线水果酸奶饮品椰子味瓶装350克,
295,娃哈哈营养快线原味牛奶果汁饮品(>=0.7)350ML,娃哈哈营养快线,娃哈哈营养快线水果酸奶饮品原味瓶装350克,
358,娃哈哈营养快线柠檬酸奶饮品450ML,娃哈哈营养快线,娃哈哈营养快线柠檬酸奶饮品瓶装450毫升,
717,娃哈哈营养快线 幸福牵线 椰子味 500ml,娃哈哈营养快线,娃哈哈营养快线水果酸奶饮品椰子味瓶装500克,
296,娃哈哈营养快线菠萝味牛奶果汁饮品(>=0.7)500ML,娃哈哈营养快线,娃哈哈营养快线水果牛奶饮品菠萝味瓶装500克,
297,娃哈哈营养快线升级版原味果汁酸奶饮品(>=0.7)500ML,娃哈哈营养快线,娃哈哈营养快线水果牛奶饮品原味瓶装500克,
298,娃哈哈营养快线香草味牛奶果汁饮品(>=0.7)500ML,娃哈哈营养快线,娃哈哈营养快线水果牛奶饮品香草冰激凌味瓶装500克,
299,娃哈哈营养快线椰子味牛奶果汁饮品(>=0.7)500ML,娃哈哈营养快线,娃哈哈营养快线水果酸奶饮品椰子味瓶装500克,
300,娃哈哈营养快线原味牛奶果汁饮品(>=0.7)500ML,娃哈哈营养快线,娃哈哈营养快线水果牛奶饮品原味瓶装500克,
357,娃哈哈莫小凡&白萌萌乳味饮料300ML,娃哈哈莫小凡和白萌萌,娃哈哈莫小凡&白萌萌乳味饮品瓶装300毫升,
812,娃哈哈莫小凡＆白萌萌乳味饮品500ml,娃哈哈莫小凡和白萌萌,娃哈哈莫小凡&白萌萌乳味饮品瓶装500毫升,
935,娃哈哈莫小凡&白萌萌乳味饮料500ML,娃哈哈莫小凡和白萌萌,娃哈哈莫小凡&白萌萌乳味饮品瓶装500毫升,
1717,水动乐果蔬西柚营养素饮料塑料瓶600毫升,水动乐,水动乐西柚味瓶装600毫升,
1718,水动乐柠檬瓶600毫升,水动乐,水动乐柠檬味瓶装600毫升,
1719,水动乐蜂蜜柠檬瓶600毫升,水动乐,水动乐蜂蜜柠檬味瓶装600毫升,
64,水动乐西柚味600毫升,水动乐,水动乐西柚味瓶装600毫升,
707,水动乐超级莓塑料瓶600毫升,水动乐,水动乐缤纷莓果味瓶装600毫升,
59,水动乐柑橘味塑料瓶600毫升,水动乐,水动乐橙味瓶装600毫升,
60,水动乐白葡萄塑料瓶600毫升,水动乐,水动乐白葡萄味瓶装600毫升,
61,水动乐果蔬桃味营养素饮料塑料瓶600毫升,水动乐,水动乐桃味瓶装600毫升,
62,水动乐果蔬橙味营养素饮料塑料瓶600毫升,水动乐,水动乐橙味瓶装600毫升,
63,水动乐果蔬柠檬营养素饮料塑料瓶600毫升,水动乐,水动乐柠檬味瓶装600毫升,
647,佳得乐 藍莓600ml,佳得乐,佳得乐蓝莓味运动饮料瓶装600毫升,
648,佳得乐 葡萄柚600ml,佳得乐,佳得乐西柚味运动饮料瓶装600毫升,
649,佳得乐 檸檬600ml,佳得乐,佳得乐柠檬味运动饮料瓶装600毫升,
650,佳得乐 橙味600ml,佳得乐,佳得乐橙味运动饮料瓶装600毫升,
1369,农夫山泉尖叫运动盖型植物风味饮料550ml,农夫山泉尖叫,农夫山泉尖叫植物型瓶装550毫升,
761,尖叫柠檬风味运动550毫升,农夫山泉尖叫,农夫山泉尖叫纤维型瓶装550毫升,
306,农夫山泉尖叫塑料瓶多肽型550ML,农夫山泉尖叫,农夫山泉尖叫多肽型瓶装550毫升,
1292,娃哈哈活化维生素水柑橘味600毫升,娃哈哈激活,娃哈哈激活维生素饮品柑橘口味瓶装600克,
1077,娃哈哈激活维生素饮料柠檬味瓶600 ml,娃哈哈激活,娃哈哈激活维生素饮品清新柠檬口味瓶装600克,
1076,娃哈哈激活维生素饮料桃味瓶600 ml,娃哈哈激活,娃哈哈激活维生素饮品水蜜桃口味瓶装600克,
1078,娃哈哈激活维生素饮料荔枝口味600ml,娃哈哈激活,娃哈哈激活维生素饮品清新荔枝口味瓶装600克,
354,娃哈哈激活维生素饮品柠檬口味600ML,娃哈哈激活,娃哈哈激活维生素饮品清新柠檬口味瓶装600克,
355,娃哈哈激活维生素饮品柑橘口味600ML,娃哈哈激活,娃哈哈激活维生素饮品柑橘口味瓶装600克,
356,娃哈哈激活维生素饮品水蜜桃口味600ML,娃哈哈激活,娃哈哈激活维生素饮品水蜜桃口味瓶装600克,
2275,健力宝运动饮料橙蜜味罐装500毫升,健力宝,健力宝运动饮料橙蜜味罐装500毫升,
173,健力宝橙蜜运动饮料(不含果汁)塑瓶2000ML,健力宝,健力宝运动饮料橙蜜味瓶装2000毫升,
171,健力宝橙蜜运动饮料(不含果汁)罐装330ML,健力宝,健力宝运动饮料橙蜜味罐装330毫升,
947,健力寶檸檬蜂蜜330ml,健力宝,健力宝运动饮料柠蜜味罐装330毫升,
720,健力宝瓶装柠蜜味560ml,健力宝,健力宝运动饮料柠蜜味瓶装560毫升,
172,健力宝橙蜜运动饮料(不含果汁)塑瓶560ML,健力宝,健力宝运动饮料橙蜜味瓶装560毫升,
683,美汁源植场新人椰子汁植物蛋白饮料PET1000g,植场新人,美汁源植场新人椰子汁瓶装1000克,
630,美汁源植场新人椰子汁植物蛋白饮料CAN 240g,植场新人,美汁源植场新人椰子汁罐装240克,
631,美汁源植场新人芝麻核桃复合蛋白饮料CAN 240g,植场新人,美汁源植场新人芝麻核桃罐装240克,
2653,维他奶低糖原味豆奶纸盒装250毫升,维他奶,维他奶vitasoy低糖原味豆奶盒装250毫升,
2652,维他奶原味豆奶玻璃瓶装236毫升,维他奶,维他奶vitasoy植物蛋白早餐奶原味玻璃瓶装236毫升,
2648,维他奶原味豆奶瓶装330毫升,维他奶,维他奶vitasoy原味豆奶瓶装330毫升,
1703,维他奶原味豆奶纸盒250毫升,维他奶,维他奶vitasoy原味豆奶盒装250毫升,
2644,维他奶巧克力味豆奶饮料瓶装330毫升,维他奶,维他奶vitasoy巧克力味豆奶瓶装330毫升,
2646,维他奶巧克力味豆奶饮料纸盒装250毫升,维他奶,维他奶vitasoy巧克力味豆奶盒装250毫升,
2655,维他奶香草味豆奶饮料纸盒装250毫升,维他奶,维他奶vitasoy香草味豆奶盒装250毫升,
2647,维他奶麦精豆奶纸盒装250毫升,维他奶,维他奶vitasoy麦精奶盒装250毫升,
2643,维他奶黑豆奶纸盒装250毫升,维他奶,维他奶vitasoy黑豆奶盒装250毫升,
2665,银鹭红枣花生牛奶瓶装450毫升,银鹭,银鹭红枣花生牛奶复合蛋白饮品瓶装450毫升,
2663,银鹭红枣花生牛奶瓶装500毫升,银鹭,银鹭红枣花生牛奶复合蛋白饮品瓶装500毫升,
2671,银鹭红豆花生牛奶瓶装450毫升,银鹭,银鹭红豆花生牛奶复合蛋白饮品瓶装450毫升,
2674,银鹭红豆花生牛奶纸盒装250毫升,银鹭,银鹭红豆花生牛奶复合蛋白饮品盒装250毫升,
1705,银鹭花生牛奶瓶450毫升,银鹭,银鹭花生牛奶复合蛋白饮品瓶装450毫升,
2675,银鹭花生牛奶瓶装500毫升,银鹭,银鹭花生牛奶复合蛋白饮料瓶装500毫升,
2670,银鹭花生牛奶纸盒装250毫升,银鹭,银鹭花生牛奶复合蛋白饮品盒装250毫升,
2667,银鹭薏仁花生牛奶瓶装450毫升,银鹭,银鹭薏仁花生牛奶复合蛋白饮品盒装250毫升,
2684,雪菲力豆奶250毫升,雪菲力豆奶,雪菲力豆奶盒装250毫升,
314,百事可乐轻怡汽水可乐(不含果汁)罐装330ML-CS,百事可乐轻怡,百事可乐轻怡罐装330毫升,
157,百事可乐轻怡汽水可乐(不含果汁)塑料瓶500ML,百事可乐轻怡,百事可乐轻怡瓶装600毫升,
315,百事可乐轻怡汽水可乐(不含果汁)塑料瓶600ML,百事可乐轻怡,百事可乐轻怡瓶装600毫升,
1315,雪菲力乌梅塑料瓶 600毫升,雪菲力汽水,雪菲力乌梅果味汽水瓶装600毫升,
1312,雪菲力果然桃花开蜜桃味塑料瓶 550毫升,雪菲力汽水,雪菲力果然桃花开蜜桃味瓶装550毫升,
1316,雪菲力果然西番你百香果味塑料瓶 550毫升,雪菲力汽水,雪菲力果然西番你百香果味瓶装550毫升,
1314,雪菲力盐汽水(柠檬味)塑料瓶 600毫升,雪菲力汽水,雪菲力盐汽水柠檬味瓶装600毫升,
1781,可乐纤维+摩登罐 330ml,可口可乐,可口可乐纤维+零糖高罐装330毫升,
1502,可口可乐2010年国际足联世界杯南非瓶250毫升,可口可乐,可口可乐铝瓶装250毫升,
1716,可口可乐世界杯限量版ESP罐330毫升,可口可乐,可口可乐高罐装330毫升,
1351,可口可乐樱花250ml,可口可乐,可口可乐铝瓶装250毫升,
1352,可口可乐汽水饮料 碳酸饮料 250ml,可口可乐,可口可乐铝瓶装250毫升,
1715,可口可乐透明瓶500毫升,可口可乐,可口可乐瓶装600毫升,
2385,香草味可口可乐摩登罐 330毫升,可口可乐,可口可乐香草味高罐装330毫升,
591,可口可乐塑料瓶 1.5公升,可口可乐,可口可乐瓶装1500毫升,
521,可口可乐塑料1.0升,可口可乐,可口可乐瓶装1000毫升,
13,可口可乐塑料瓶 1.25公升,可口可乐,可口可乐瓶装1250毫升,
21,可口可乐轻量玻璃瓶 200毫升,可口可乐,可口可乐玻璃瓶装200毫升,
48,可口可乐塑料瓶 2公升,可口可乐,可口可乐瓶装2000毫升,
51,可口可乐塑料瓶 2.3公升,可口可乐,可口可乐瓶装2300毫升,
980,可口可乐塑料包装2.5升,可口可乐,可口可乐瓶装2500毫升,
5,可口可乐塑料瓶 300毫升,可口可乐,可口可乐瓶装300毫升,
2,可口可乐易拉罐 330毫升,可口可乐,可口可乐罐装330毫升,
689,姜味可乐摩登罐 330ml,可口可乐,可口可乐姜味高罐装330毫升,
690,健怡可乐易拉罐 330毫升,可口可乐,可口可乐健怡罐装330毫升,
579,香草味可口可乐易拉罐 330毫升,可口可乐,可口可乐香草味罐装330毫升,
617,可乐樱桃摩登罐 330ml,可口可乐,可口可乐樱桃味高罐装330毫升,
544,可口可乐摩登罐 330毫升,可口可乐,可口可乐高罐装330毫升,
691,姜味可乐塑料瓶 500ml,可口可乐,可口可乐姜味瓶装500毫升,
580,香草味可口可乐塑料瓶 500毫升,可口可乐,可口可乐香草味瓶装500毫升,
974,可乐纤维+塑料500毫升,可口可乐,可口可乐纤维+零糖瓶装500毫升,
616,可乐樱桃塑料瓶 500ml,可口可乐,可口可乐樱桃味瓶装500毫升,
126,可口可乐塑料瓶 500毫升 (旧直身瓶),可口可乐,可口可乐瓶装600毫升,
10,可口可乐塑料瓶 600ml,可口可乐,可口可乐瓶装600毫升,
595,可乐塑料瓶680毫升,可口可乐,可口可乐瓶装680毫升,
20,可乐塑料888毫升,可口可乐,可口可乐瓶装888毫升,
1725,可口可乐零度瓶1.5升,可口可乐零度,可口可乐零度瓶装1000毫升,
1724,可口可乐零度瓶1升,可口可乐零度,可口可乐零度瓶装1500毫升,
1726,可口可乐零度瓶2升,可口可乐零度,可口可乐零度瓶装2000毫升,
642,零度可口可乐塑料瓶 300毫升,可口可乐零度,可口可乐零度瓶装300毫升,
25,零度可口可乐易拉罐 330毫升,可口可乐零度,可口可乐零度罐装330毫升,
513,零度可乐摩登罐 330毫升,可口可乐零度,可口可乐零度高罐装330毫升,
131,零度可口可乐塑料瓶 500毫升,可口可乐零度,可口可乐零度瓶装500毫升,
46,零度可乐塑料瓶 600毫升,可口可乐零度,可口可乐零度瓶装500毫升,
1739,激浪罐330毫升,激浪,激浪柠檬味罐装330毫升,
158,激浪汽水柠檬味可乐型(不含果汁)500ML,激浪,激浪柠檬味瓶装500毫升,
722,百事可乐无糖可乐型汽水330ml,百事可乐极度,百事可乐极度罐装330毫升,
156,百事可乐极度极度汽水可乐(不含果汁)塑料瓶500ML-CS,百事可乐极度,百事可乐极度瓶装500毫升,
1386,888ML芬达橙,芬达,芬达橙味瓶装888毫升,
2341,芬达水蜜桃味汽水瓶装300毫升,芬达,芬达水蜜桃味瓶装300毫升,
1304,芬达草莓塑料500,芬达,芬达草莓味瓶装500毫升（扭扭瓶）,
2343,芬达葡萄味汽水瓶装2升,芬达,芬达葡萄味瓶装2000毫升,
1326,芬达零卡橙味无糖摩登罐330毫升,芬达,芬达零卡橙味高罐装330毫升,
1387,芬达青柠塑料500,芬达,芬达青柠味瓶装500毫升(扭扭瓶),
621,芬达橙汁塑料瓶 1.0公升,芬达,芬达橙味瓶装1000毫升,
15,芬达橙汁塑料瓶1.25L,芬达,芬达橙味瓶装1250毫升,
23,芬达橙轻量瓶200,芬达,芬达橙味玻璃瓶装200毫升,
132,芬达轻量RB200ML,芬达,芬达橙味玻璃瓶装200毫升,
146,芬达水蜜桃瓶装200,芬达,芬达水蜜桃味玻璃瓶装200毫升,
144,芬达苹果塑料2升,芬达,芬达苹果味瓶装2000毫升,
50,芬达橙汁塑料2升,芬达,芬达橙味瓶装2000毫升,
53,芬达橙汁塑料2.3升,芬达,芬达橙味瓶装2300毫升,
9,芬达苹果塑料300,芬达,芬达苹果味瓶装300毫升,
4,芬达橙汁易拉罐 330毫升,芬达,芬达橙味罐装330毫升,
665,芬达水蜜桃摩登罐330ml,芬达,芬达水蜜桃味高罐装330毫升,
663,芬达苹果易拉罐 330毫升,芬达,芬达苹果味罐装330毫升,
664,芬达葡萄摩登罐 330毫升,芬达,芬达葡萄味高罐装330毫升,
666,芬达西瓜摩登罐 330毫升,芬达,芬达西瓜味高罐装330毫升,
28,芬达苹果拉罐330,芬达,芬达苹果味罐装330毫升,
29,芬达水蜜桃拉罐330ml,芬达,芬达水蜜桃味罐装330毫升,
30,芬达葡萄拉罐330,芬达,芬达葡萄味罐装330毫升,
547,芬达橙汁摩登罐 330毫升,芬达,芬达橙味高罐装330毫升,
963,芬达零卡塑料500ML,芬达,芬达零卡橙味瓶装500毫升,
128,芬达水蜜桃塑料500,芬达,芬达水蜜桃味瓶装500毫升(扭扭瓶),
140,芬达西瓜塑料500,芬达,芬达西瓜味瓶装500毫升(扭扭瓶),
148,芬达芒果塑料500,芬达,芬达芒果味瓶装500毫升,
143,芬达菠萝塑料500,芬达,芬达菠萝味瓶装500毫升(扭扭瓶),
482,芬达苹果塑料瓶 500毫升,芬达,芬达苹果味瓶装500毫升(扭扭瓶),
483,芬达葡萄塑料瓶 500毫升,芬达,芬达葡萄味瓶装500毫升(扭扭瓶),
127,芬达橙汁塑料瓶 500毫升,芬达,芬达橙味瓶装500毫升(扭扭瓶),
42,芬达水蜜桃塑料600,芬达,芬达水蜜桃味瓶装600毫升,
43,芬达菠萝塑料600,芬达,芬达菠萝味瓶装600毫升,
44,芬达苹果塑料600,芬达,芬达苹果味瓶装600毫升,
45,芬达葡萄塑料600,芬达,芬达葡萄味瓶装600毫升,
12,芬达橙汁塑料瓶 600ml,芬达,芬达橙味瓶装600毫升,
465,芬达西瓜塑料瓶 600毫升,芬达,芬达西瓜味瓶装600毫升,
635,芬达橙汁塑料瓶680毫升,芬达,芬达橙味瓶装680毫升,
176,娃哈哈格瓦斯麦芽汁发酵饮品(不含果汁)塑料瓶1250ML,娃哈哈格瓦斯,娃哈哈格瓦斯俄罗斯风味瓶装1250毫升,
175,娃哈哈格瓦斯麦芽汁发酵碳酸饮料(不含果汁)塑料瓶330ML,娃哈哈格瓦斯,娃哈哈格瓦斯俄罗斯风味瓶装330毫升,
342,健力宝爆果汽苹果汁饮料480ML,健力宝汽水,健力宝爆果汽苹果汁饮料含气型瓶装480毫升,
1353,美年达  橙子苏打330ml,美年达,美年达橙味瓶装330毫升,
1744,美年达橙味瓶500毫升,美年达,美年达橙味瓶装600毫升,
1520,美年达橙汁塑料瓶1升,美年达,美年达橙味瓶装1000毫升,
1798,美年达汽水橙味汽水塑料瓶600ML,美年达,美年达橙味瓶装600毫升,
1518,美年达碳酸饮料荔枝味瓶600毫升,美年达,美年达荔枝味瓶装600毫升,
1743,美年达荔枝瓶装550毫升,美年达,美年达荔枝味瓶装600毫升,
2328,美年达青苹果味汽水瓶装2升,美年达,美年达青苹果味瓶装2000毫升,
336,美年达汽水橙味(不含果汁)塑料瓶1250ML,美年达,美年达橙味瓶装1250毫升,
601,美年达橙味汽水瓶装2500ML,美年达,美年达橙味瓶装2500毫升,
165,美年达汽水橙味(不含果汁)塑料瓶2000ML,美年达,美年达橙味瓶装2000毫升,
721,美年达果味型汽水橙味330ml,美年达,美年达橙味瓶装330毫升,
160,美年达汽水青苹果味(不含果汁)罐装330ML,美年达,美年达青苹果味罐装330毫升,
813,美年达葡萄味330ml,美年达,美年达葡萄味罐装330毫升,
815,美年达橙味330ml,美年达,美年达橙味瓶装330毫升,
159,美年达汽水橙味(不含果汁)罐装330ML,美年达,美年达橙味罐装330毫升,
316,美年达汽水橙味(不含果汁)塑料瓶330ML-CS,美年达,美年达橙味瓶装330毫升,
162,美年达汽水葡萄味(不含果汁)塑料瓶550ML,美年达,美年达葡萄味瓶装600毫升,
164,美年达汽水橙味(不含果汁)塑料瓶550ML,美年达,美年达橙味瓶装600毫升,
235,美年达蜂蜜柚子味汽水550ml,美年达,美年达蜂蜜柚子味瓶装600毫升,
163,美年达汽水青苹果味(不含果汁)塑料瓶600ML,美年达,美年达青苹果味瓶装600毫升,
166,美年达汽水冰镇西瓜味(不含果汁)塑料瓶600ML-CS,美年达,美年达冰镇西瓜味瓶装600毫升,
317,美年达汽水葡萄味(不含果汁)塑料瓶600ML,美年达,美年达葡萄味瓶装600毫升,
1354,怡泉覆盆子味苏打水气泡水330ml,怡泉汽水,怡泉气泡水覆盆子味高罐装330毫升,
31,怡泉+C柠檬味易拉罐 330毫升,怡泉汽水,怡泉+C柠檬味罐装330毫升,
32,怡泉干姜水拉罐330,怡泉汽水,怡泉干姜水罐装330毫升,
33,怡泉苏打水易拉罐 330毫升,怡泉汽水,怡泉苏打水罐装330毫升,
34,怡泉汤力水拉罐330,怡泉汽水,怡泉汤力水罐装330毫升,
681,怡泉西柚味易拉罐 330毫升,怡泉汽水,怡泉苏打水西柚味罐装330毫升,
703,怡泉柠檬味苏打水汽水摩登罐 330毫升,怡泉汽水,怡泉苏打水柠檬味高罐装330毫升,
704,怡泉苏打水摩登罐 330毫升,怡泉汽水,怡泉苏打水原味高罐装330毫升,
978,怡泉有气乳酸饮品拉罐330ml,怡泉汽水,怡泉乳酸菌苏打罐装330毫升,
680,怡泉忌廉风味汽水易拉罐 330毫升,怡泉汽水,怡泉苏打水忌廉风味罐装330毫升,
548,怡泉 +C柠檬味 摩登罐 330,怡泉汽水,怡泉+C柠檬味高罐装330毫升,
693,怡泉柠檬味苏打水汽水塑料瓶 400毫升,怡泉汽水,怡泉+C柠檬味高罐装330毫升,
694,怡泉+C柠檬味塑料瓶 400毫升,怡泉汽水,怡泉+C柠檬味瓶装400毫升,
695,怡泉苏打水塑料瓶 400毫升,怡泉汽水,怡泉苏打水原味瓶装400毫升,
679,怡泉忌廉风味汽水塑料500ml,怡泉汽水,怡泉苏打水忌廉风味瓶装500毫升,
40,怡泉+C柠檬味塑料500,怡泉汽水,怡泉+C柠檬味瓶装500毫升,
682,怡泉西柚味塑料瓶 500毫升,怡泉汽水,怡泉+C西柚味瓶装500毫升,
47,怡泉苏打水塑料500,怡泉汽水,怡泉苏打水原味瓶装500毫升,
511,怡泉+C奇异果味塑料瓶500毫升,怡泉汽水,怡泉+C奇异果味瓶装500毫升,
1740,百事可乐蓝苏打饮料瓶450毫升,百事可乐,百事可乐blue瓶装450毫升,
1741,百事可乐饮料瓶1.5升,百事可乐,百事可乐瓶装1250毫升,
1742,百事可乐饮料罐250毫升,百事可乐,百事可乐罐装250毫升,
153,百事可乐汽水可乐(不含果汁)塑料瓶1250ML,百事可乐,百事可乐瓶装1250毫升,
154,百事可乐汽水可乐(不含果汁)塑料瓶2000ML,百事可乐,百事可乐瓶装2000毫升,
155,百事可乐汽水可乐(不含果汁)塑料瓶2500ML,百事可乐,百事可乐瓶装2500毫升,
151,百事可乐汽水可乐味(不含果汁)罐装330ML-CS,百事可乐,百事可乐罐装330毫升,
600,百事可乐瓶装500ML+100ML,百事可乐,百事可乐瓶装600毫升,
152,百事可乐汽水可乐味(不含果汁)塑料瓶600ML-CS,百事可乐,百事可乐瓶装600毫升,
926,7喜1升,七喜,七喜冰爽柠檬味瓶装1000毫升,
168,七喜汽水柠檬味(不含果汁)塑料瓶1250ML,七喜,七喜冰爽柠檬味瓶装1250毫升,
718,七喜 单瓶_碳酸饮料 2L,七喜,七喜冰爽柠檬味瓶装2000毫升,
169,七喜汽水柠檬味(不含果汁)塑料瓶2500ML,七喜,七喜冰爽柠檬味瓶装2500毫升,
719,七喜冰爽柠檬味汽水 塑瓶 330ml,七喜,七喜冰爽柠檬味瓶装330毫升,
900,7喜苏打水Fresh Up（不含果汁）可装330ML-CS,七喜,七喜冰爽柠檬味罐装330毫升,
319,七喜汽水柠檬味(不含果汁)塑料瓶330ML-CS,七喜,七喜冰爽柠檬味瓶装330毫升,
170,七喜汽水柠檬味(不含果汁)塑料瓶550ML,七喜,七喜冰爽柠檬味瓶装600毫升,
167,七喜汽水柠檬味(不含果汁)塑料瓶600ML,七喜,七喜冰爽柠檬味瓶装600毫升,
1782,雪碧纤维+摩登罐 330ml,雪碧,雪碧纤维+清爽柠檬味高罐装330毫升,
592,雪碧塑料瓶 1.5公升,雪碧,雪碧清爽柠檬味瓶装1500毫升,
522,雪碧塑料瓶 1.0公升,雪碧,雪碧清爽柠檬味瓶装1000毫升,
14,雪碧胶瓶 1.25公升,雪碧,雪碧清爽柠檬味瓶装1250毫升,
22,雪碧轻量玻璃瓶 200毫升,雪碧,雪碧清爽柠檬味玻璃瓶装200毫升,
49,雪碧塑料2升,雪碧,雪碧清爽柠檬味瓶装2000毫升,
52,雪碧塑料2.3升,雪碧,雪碧清爽柠檬味瓶装2300毫升,
979,雪碧塑料包装2.5L,雪碧,雪碧清爽柠檬味瓶装2500毫升,
6,雪碧塑料瓶 300毫升,雪碧,雪碧清爽柠檬味瓶装300毫升,
3,雪碧拉罐330,雪碧,雪碧清爽柠檬味罐装330毫升,
24,雪碧冰薄荷拉罐330,雪碧,雪碧冰薄荷清凉薄荷味罐装330毫升,
546,雪碧摩登罐 330毫升,雪碧,雪碧清爽柠檬味高罐装330毫升,
594,雪碧零卡摩登罐 330毫升,雪碧,雪碧零卡清爽柠檬味高罐装330毫升,
520,雪碧激柠青柠味易拉罐330毫升,雪碧,雪碧激柠清爽青柠味罐装330毫升,
696,雪碧纤维+ 塑料瓶500毫升,雪碧,雪碧纤维+清爽柠檬味瓶装500毫升,
578,雪碧零卡塑料500,雪碧,雪碧零卡清爽柠檬味瓶装500毫升,
484,雪碧冰薄荷塑料瓶 500毫升,雪碧,雪碧冰薄荷清凉薄荷味瓶装500毫升,
125,雪碧塑料瓶 500毫升,雪碧,雪碧清爽柠檬味瓶装600毫升,
510,雪碧激柠青柠味塑料瓶 500毫升,雪碧,雪碧激柠清爽青柠味瓶装500毫升,
11,雪碧塑料瓶 600ml,雪碧,雪碧清爽柠檬味瓶装600毫升,
41,雪碧冰薄荷塑料600,雪碧,雪碧冰薄荷清凉薄荷味瓶装500毫升,
596,雪碧塑料瓶680毫升,雪碧,雪碧清爽柠檬味瓶装680毫升,
1288,娃哈哈C柠檬碳酸汁530毫升,娃哈哈汽水,娃哈哈C柠檬柠檬汁碳酸饮料瓶装530毫升,
1327,娃哈哈C蜜桃碳酸饮料塑料瓶530毫升,娃哈哈汽水,娃哈哈C蜜桃蜜桃汁碳酸饮料瓶装530毫升,
1328,娃哈哈C西柚碳酸饮料塑料瓶530毫升,娃哈哈汽水,娃哈哈C西柚西柚汁碳酸饮料瓶装530毫升,
1730,娃哈哈苏打水薄荷柠檬瓶350毫升,娃哈哈汽水,娃哈哈苏打水饮品薄荷柠檬味瓶装350毫升,
339,娃哈哈非常可乐塑料瓶500ML,娃哈哈汽水,娃哈哈非常可乐碳酸饮料瓶装500毫升,
340,娃哈哈非常柠檬塑料瓶500ML,娃哈哈汽水,娃哈哈非常柠檬碳酸饮料柠檬味瓶装500毫升,
341,娃哈哈非常甜橙塑料瓶500ML,娃哈哈汽水,娃哈哈非常甜橙碳酸饮料甜橙味瓶装500毫升,
343,娃哈哈C驱动柠檬汁碳酸饮料530ML,娃哈哈汽水,娃哈哈C驱动柠檬汁碳酸饮料瓶装530毫升,
246,娃哈哈无汽苏打水350ML,娃哈哈汽水,娃哈哈苏打水饮品甜味瓶装350毫升,娃哈哈苏打水饮品无味瓶装350毫升
1732,屈臣氏沙示汽水瓶1.25升,屈臣氏,Watsons屈臣氏沙示瓶装1250毫升,
1842,屈臣氏沙示汽水瓶380毫升,屈臣氏,Watsons屈臣氏沙示瓶装380毫升,
1733,屈臣氏沙示汽水罐330毫升,屈臣氏,Watsons屈臣氏沙示罐装330毫升,
1803,屈臣氏蜜桃苏打水瓶装500毫升,屈臣氏,Watsons屈臣氏蜜桃汁苏打汽水瓶装500毫升,
1802,屈臣氏青柠苏打瓶500毫升,屈臣氏,Watsons屈臣氏青柠汁苏打汽水瓶装500毫升,
738,屈臣氏（Watsons）柠檬草味苏打汽水330ml,屈臣氏,Watsons屈臣氏苏打汽水柠檬草味罐装330毫升,
740,屈臣氏干姜苏打水330ml,屈臣氏,Watsons屈臣氏干姜汽水罐装330毫升,
174,屈臣氏苏打水(不含果汁)罐装330ML,屈臣氏,Watsons屈臣氏苏打汽水罐装330毫升,
723,屈臣氏 Watsons 汤力汽水330ml,屈臣氏,Watsons屈臣氏汤力汽水罐装330毫升,
724,屈臣氏香草苏打汽水 豆瓣 330ml,屈臣氏,Watsons屈臣氏苏打汽水香草味罐装330毫升,
26,醒目苹果(低糖)拉罐330,醒目,醒目汽水苹果味罐装330毫升,
36,醒目苹果(低糖配方)塑料瓶 500毫升,醒目,醒目汽水苹果味瓶装500毫升,
313,莹纯盐汽水(不含果汁)塑料瓶600ML,莹纯,莹纯盐汽水柠檬味瓶装600毫升,
2588,加多宝凉茶瓶装500毫升,加多宝,加多宝凉茶植物饮料瓶装500毫升,
2587,加多宝凉茶罐装310毫升,加多宝,加多宝凉茶植物饮料罐装310毫升,
1770,和其正常规凉茶饮料罐310毫升,和其正,和其正凉茶罐装310毫升,
1771,和其正普通凉茶饮料塑料瓶1.5升,和其正,和其正凉茶瓶装1500毫升,
2612,和其正清凉茶饮料塑料瓶550毫升,和其正,和其正凉茶瓶装550毫升,
1772,和其正清凉茶饮料塑料瓶600毫升,和其正,和其正凉茶瓶装550毫升,
2613,和其正清凉茶饮料罐装480毫升,和其正,和其正凉茶罐装480毫升,
2372,唷茶柠檬480ML,唷茶,唷茶冰冻柠檬风味瓶装480毫升,
2371,唷茶金桔480ML,唷茶,唷茶冰冽金桔风味瓶装480毫升,唷茶冰冽金桔风味罐装480毫升
1846,天喔茶庄炭烧鸳鸯奶茶瓶500毫升,天喔茶庄茶,天喔茶庄炭烧鸳鸯奶茶瓶装500毫升,
2287,天喔茶庄蜂蜜柚子茶利乐包装250毫升,天喔茶庄茶,天喔茶庄蜂蜜柚子茶盒装250毫升,
1513,天喔茶庄蜂蜜柚子茶瓶500毫升,天喔茶庄茶,天喔茶庄蜂蜜柚子茶瓶装500毫升,
2633,天喔茶庄蜂蜜红枣茶瓶装500毫升,天喔茶庄茶,天喔茶庄蜂蜜红枣茶瓶装500毫升,
1848,天喔茶庄蜂蜜雪梨茶瓶500毫升,天喔茶庄茶,天喔茶庄蜂蜜雪梨茶瓶装500毫升,
2635,天喔茶庄金桔柠檬茶瓶装500毫升,天喔茶庄茶,天喔茶庄金桔柠檬茶瓶装500毫升,
2349,Ksf绿茶蜂蜜和茉莉花低糖宠物550毫升,康师傅茶,康师傅绿茶低糖瓶装500毫升,
1760,康师傅冰红茶青苹果味瓶500毫升,康师傅茶,康师傅冰红茶青苹果味瓶装500毫升,
1767,康师傅柚子绿茶瓶500毫升,康师傅茶,康师傅柚子绿茶瓶装500毫升,
1759,康师傅柚子绿茶瓶550毫升,康师傅茶,康师傅柚子绿茶瓶装550毫升,
1761,康师傅绿茶蜂蜜茉莉花瓶500毫升,康师傅茶,康师傅绿茶瓶装500毫升,
896,康師傅薄荷冰檸檬茶（塑料瓶）1L,康师傅茶,康师傅劲凉冰绿茶瓶装1000毫升,
256,康师傅绿茶蜂蜜茉莉味(塑料瓶)1000ML-CS,康师傅茶,康师傅绿茶瓶装1000毫升,
257,康师傅茉莉蜜茶蜂蜜味含糖(塑料瓶)1000ML-CS,康师傅茶,康师傅茉莉蜜茶瓶装1000毫升,
258,康师傅茉莉清茶原味低糖(塑料瓶)1000ML-CS,康师傅茶,康师傅茉莉清茶瓶装1000毫升,
255,康师傅冰红茶柠檬味含糖(塑料瓶)1000ML-CS,康师傅茶,康师傅冰红茶柠檬口味瓶装1000毫升,
259,康师傅冰红茶柠檬味含糖(塑料瓶)2000ML-CS,康师傅茶,康师傅冰红茶柠檬口味瓶装2000毫升,
260,康师傅绿茶蜂蜜茉莉味(塑料瓶)2000ML,康师傅茶,康师傅绿茶瓶装2000毫升,
261,康师傅茉莉蜜茶蜂蜜味含糖(塑料瓶)2000ML-CS,康师傅茶,康师傅茉莉蜜茶瓶装2000毫升,
904,康師傅薄荷冰檸檬茶（利樂包裝）250ML,康师傅茶,康师傅劲凉冰绿茶盒装250毫升,
262,康师傅冰糖菊花味绿茶含糖(塑料瓶)550ML-CS,康师傅茶,康师傅绿茶冰糖菊花味瓶装550毫升,
654,康师傅绿茶550毫升,康师傅茶,康师傅绿茶瓶装500毫升,
655,康师傅茉莉蜜茶500毫升,康师傅茶,康师傅茉莉蜜茶瓶装500毫升,
656,康师傅茉莉清茶600毫升,康师傅茶,康师傅茉莉清茶瓶装500毫升,
657,康师傅乌龙茗茶600毫升,康师傅茶,康师傅乌龙茗茶瓶装550毫升,
658,康师傅乌龙茗茶500毫升,康师傅茶,康师傅乌龙茗茶瓶装550毫升,
1370,统一 小茗同学 冷泡茶 超桔乌龙 480ml,统一小茗同学,统一小茗同学冷泡超桔乌龙茶瓶装480毫升,
1751,统一小茗同学冷泡茉莉萃茶瓶480毫升,统一小茗同学,统一小茗同学冷泡茉莉萃茶瓶装480毫升,
736,统一 小茗同学冷泡茶冰橘绿茶480ml,统一小茗同学,统一小茗同学冷泡冰橘绿茶瓶装480毫升,
734,统一 小茗同学 冷泡茶 溜溜哒茶480ml,统一小茗同学,统一小茗同学冷泡溜溜哒茶瓶装480毫升,
735,统一 小茗同学 冷泡茶 青柠红茶 480ml,统一小茗同学,统一小茗同学冷泡青柠红茶瓶装480毫升,
1785,阳光经典柠檬茶味饮料 250ml,阳光,可口可乐阳光经典柠檬茶盒装250毫升,
1784,阳光经典柠檬茶味饮料 500ml,阳光,可口可乐阳光经典柠檬茶瓶装500毫升,
1810,阳光菊花茶味饮料 250ml,阳光,可口可乐阳光菊花茶盒装250毫升,
1783,阳光菊花茶味饮料 500ml,阳光,可口可乐阳光菊花茶瓶装500毫升,
2388,雪菲力柠檬茶250毫升,雪菲力茶,雪菲力柠檬茶盒装250毫升,
279,统一阿萨姆奶茶原味含糖(塑料瓶)1500ML-CS,统一阿萨姆奶茶,统一阿萨姆原味奶茶瓶装1500毫升,
653,阿萨姆奶茶 统一 阿萨姆 岩盐芝士 450ml,统一阿萨姆奶茶,统一阿萨姆岩盐芝士瓶装450毫升,
278,统一阿萨姆奶茶原味含糖(塑料瓶)500ML-CS,统一阿萨姆奶茶,统一阿萨姆原味奶茶瓶装500毫升,
264,打奶茶抹茶奶茶含糖(塑料瓶)320GM-CS,农夫山泉打奶茶,农夫山泉打奶茶抹茶奶茶饮料瓶装320克,
263,打奶茶红茶奶茶含糖(塑料瓶)320GM-CS,农夫山泉打奶茶,农夫山泉打奶茶红茶奶茶饮料瓶装320克,
2367,淳茶舍（普洱消茶)原味茶480毫升,淳茶舍,淳茶舍无糖普洱消茶瓶装480毫升,
699,淳茶舍绿茶塑料 480毫升,淳茶舍,淳茶舍玉露绿茶瓶装480毫升,
700,淳茶舍红茶塑料瓶 480毫升,淳茶舍,淳茶舍玉暮红茶瓶装480毫升,
701,淳茶舍铁观音乌龙茶塑料 480毫升,淳茶舍,淳茶舍铁观音乌龙瓶装480毫升,
2282,农夫山泉茶π柚子绿茶瓶装500毫升,农夫山泉茶,农夫山泉茶π柚子绿茶瓶装500毫升,
2281,农夫山泉茶π柠檬红茶瓶装500毫升,农夫山泉茶,农夫山泉茶π柠檬红茶瓶装500毫升,
2279,农夫山泉茶π玫瑰荔枝红茶瓶装500毫升,农夫山泉茶,农夫山泉茶π玫瑰荔枝红茶瓶装500毫升,
2283,农夫山泉茶π蜜桃乌龙茶瓶装500毫升,农夫山泉茶,农夫山泉茶π蜜桃乌龙茶瓶装500毫升,
2280,农夫山泉茶π西柚茉莉花茶瓶装500毫升,农夫山泉茶,农夫山泉茶π西柚茉莉花茶瓶装500毫升,
2284,康师傅炼乳奶茶瓶装500毫升,康师傅奶茶,康师傅炼乳奶茶瓶装500毫升,
1768,康师傅芝士奶茶瓶500毫升,康师傅奶茶,康师傅芝士奶茶瓶装500毫升,
252,康师傅经典奶茶炼乳味含糖(塑料瓶)500ML-CS,康师傅奶茶,康师傅经典奶茶炼乳味瓶装500毫升,
253,康师傅奶茶香浓味含糖(塑料瓶)500ML-CS,康师傅奶茶,康师傅经典奶茶香浓味瓶装500毫升,
2296,统一冰红茶柠檬味调味茶饮料瓶装2升,统一茶,统一冰红茶柠檬味瓶装2000毫升,
2336,统一绿茶茉莉味低糖瓶装2升,统一茶,统一绿茶低糖茉莉味瓶装2000毫升,
906,統一綠茶低糖（塑料瓶）1,统一茶,统一绿茶低糖茉莉味瓶装1000毫升,
274,统一冰红茶柠檬味(塑料瓶)1000ML,统一茶,统一冰红茶柠檬味瓶装1000毫升,
269,统一冰红茶柠檬味(利乐包装)250ML,统一茶,统一冰红茶柠檬味盒装250毫升,
942,统一檸檬冰茶310毫升,统一茶,统一冰红茶柠檬味罐装310毫升,
270,统一冰红茶柠檬味含糖(塑料瓶)500ML,统一茶,统一冰红茶柠檬味瓶装500毫升,
271,统一绿茶茉莉花味低糖(塑料瓶)500ML,统一茶,统一绿茶低糖茉莉味瓶装500毫升,
272,统一茉香蜜茶(塑料瓶)500ML,统一茶,统一茉香蜜茶瓶装500毫升,
273,统一茉香清茶原味低糖(塑料瓶)500ML-CS,统一茶,统一茉香清茶低糖瓶装500毫升,
1289,统一奶茶大麦味250毫升,统一奶茶,统一奶茶麦香口味盒装250毫升,
1066,统一奶茶大麦快乐星期三利250毫升,统一奶茶,统一奶茶麦香口味盒装250毫升,
1063,统一奶茶大麦快乐星期四利250毫升,统一奶茶,统一奶茶麦香口味盒装250毫升,
1067,统一奶茶小麦利250毫升,统一奶茶,统一奶茶麦香口味盒装250毫升,
1488,统一奶茶巧克力口味利乐包 250毫升,统一奶茶,统一奶茶巧克力口味盒装250毫升,
1287,统一奶茶巧克力味250毫升,统一奶茶,统一奶茶巧克力口味盒装250毫升,
1495,统一奶茶巧克力快乐周日利乐包 250毫升,统一奶茶,统一奶茶巧克力口味盒装250毫升,
1065,统一奶茶巧克力快乐星期四利250毫升,统一奶茶,统一奶茶巧克力口味盒装250毫升,
1489,统一奶茶草莓味利乐包 250毫升,统一奶茶,统一奶茶草莓口味盒装250毫升,
1487,统一牛奶茶大麦味道利乐包 250毫升,统一奶茶,统一奶茶巧克力口味盒装250毫升,
1062,统一牛奶茶大麦四利250毫升,统一奶茶,统一奶茶巧克力口味盒装250毫升,
1064,统一牛奶茶大麦快乐星期天利250毫升,统一奶茶,统一奶茶巧克力口味盒装250毫升,
1060,统一牛奶茶大麦星期五快乐四利250毫升,统一奶茶,统一奶茶巧克力口味盒装250毫升,
276,统一奶茶巧克力味含糖(利乐包装)250ML,统一奶茶,统一奶茶巧克力口味盒装250毫升,
958,统一奶茶巧克力250ml,统一奶茶,统一奶茶巧克力口味盒装250毫升,
1843,娃哈哈冰红茶瓶1升,娃哈哈茶,娃哈哈冰红茶柠檬味瓶装1000毫升,
1501,娃哈哈冰红茶瓶500毫升,娃哈哈茶,娃哈哈冰红茶柠檬味瓶装500毫升,
1515,娃哈哈果茶阿润百香红茶瓶500毫升,娃哈哈茶,娃哈哈阿润果茶百香红茶瓶装500毫升,
1517,娃哈哈果茶阿润蜜桃乌龙瓶500毫升,娃哈哈茶,娃哈哈阿润果茶蜜桃乌龙瓶装500毫升,
1844,娃哈哈水果绿茶蜂蜜低糖茶瓶500毫升,娃哈哈茶,娃哈哈蜂蜜水果绿茶瓶装500毫升,
1506,娃哈哈茉莉低糖绿茶瓶500毫升,娃哈哈茶,娃哈哈茉莉绿茶低糖瓶装500毫升,
2657,娃哈哈蜂蜜水果绿茶瓶装1千克,娃哈哈茶,娃哈哈蜂蜜水果绿茶瓶装1000毫升,
359,娃哈哈蓝莓冰红茶果汁茶饮料500ML,娃哈哈茶,娃哈哈蓝莓冰红茶瓶装500毫升,
283,娃哈哈龙井绿茶调味茶饮料低糖(塑料瓶)500ML,娃哈哈茶,娃哈哈龙井低糖茉莉花味瓶装500毫升,
284,娃哈哈茉莉绿茶茉莉蜂蜜味低糖(塑料瓶)500ML,娃哈哈茶,娃哈哈茉莉绿茶低糖瓶装500毫升,
1080,娃哈哈呦呦奶茶茉莉味500 毫升,娃哈哈呦呦奶茶,娃哈哈呦呦奶茶蜂蜜奶茶饮料茉莉味瓶装500克,
1729,娃哈哈呦呦蜂蜜奶茶原瓶500毫升,娃哈哈呦呦奶茶,娃哈哈呦呦奶茶蜂蜜奶茶饮料原味瓶装500克,
960,娃哈哈呦呦奶茶500毫升,娃哈哈呦呦奶茶,娃哈哈呦呦奶茶蜂蜜奶茶饮料原味瓶装500克,
962,娃哈哈呦呦原味奶茶500毫升,娃哈哈呦呦奶茶,娃哈哈呦呦奶茶蜂蜜奶茶饮料原味瓶装500克,
285,娃哈哈呦呦奶茶原味500ML,娃哈哈呦呦奶茶,娃哈哈呦呦奶茶蜂蜜奶茶饮料原味瓶装500克,
265,农夫山泉东方树叶红茶原味无糖(塑料瓶)500ml,农夫山泉东方树叶,农夫山泉东方树叶红茶瓶装500毫升,
266,农夫山泉东方树叶绿茶原味无糖(塑料瓶)500ml,农夫山泉东方树叶,农夫山泉东方树叶绿茶瓶装500毫升,
267,农夫山泉东方树叶茉莉花茶原味无糖(塑料瓶)500ml,农夫山泉东方树叶,农夫山泉东方树叶茉莉花茶瓶装500毫升,
268,农夫山泉东方树叶乌龙茶原味无糖(塑料瓶)500ml,农夫山泉东方树叶,农夫山泉东方树叶乌龙茶瓶装500毫升,
2278,农夫山泉水柚子瓶530毫升,农夫山泉水,农夫山泉水柚子瓶装530毫升,
2276,农夫山泉水柠檬瓶530毫升,农夫山泉水,农夫山泉水柠檬瓶装530毫升,
2277,农夫山泉水葡萄瓶530毫升,农夫山泉水,农夫山泉水葡萄瓶装530毫升,
1708,农夫山泉高端天然矿泉水瓶535毫升,农夫山泉水,农夫山泉天然矿泉水瓶装535毫升,
242,农夫山泉饮用天然水(塑料瓶)1500ML,农夫山泉水,农夫山泉饮用天然水瓶装1500毫升,
239,农夫山泉天然水(塑料瓶)380ML,农夫山泉水,农夫山泉饮用天然水瓶装380毫升,
914,农夫山泉礦泉水（塑料瓶）400ML,农夫山泉水,农夫山泉天然矿泉水瓶装400毫升,
243,农夫山泉天然水/纯净水4000ML,农夫山泉水,农夫山泉饮用天然水瓶装4000毫升,
911,农夫山泉天然水（塑料桶）5000ML,农夫山泉水,农夫山泉饮用天然水瓶装5000毫升,
240,农夫山泉饮用天然水塑料瓶550ML-CS,农夫山泉水,农夫山泉饮用天然水瓶装550毫升,
241,农夫山泉饮用天然水(塑料瓶)750ML,农夫山泉水,农夫山泉饮用天然水瓶装750毫升,
2618,康师傅优悦包装饮用水瓶装1500毫升,康师傅优悦,康师傅优悦饮用纯净水瓶装1500毫升,
2623,康师傅优悦包装饮用水瓶装350毫升,康师傅优悦,康师傅优悦饮用纯净水瓶装350毫升,
2619,康师傅优悦包装饮用水瓶装550毫升,康师傅优悦,康师傅优悦饮用纯净水瓶装550毫升,
2620,康师傅优悦饮用纯净水瓶装380毫升,康师傅优悦,康师傅优悦饮用纯净水瓶装380毫升,
2621,康师傅优悦饮用纯净水瓶装560毫升,康师傅优悦,康师傅优悦饮用纯净水瓶装560毫升,
1769,怡宝纯净水瓶4.5升,怡宝,怡宝饮用纯净水瓶装4500毫升,
2599,怡宝纯净水瓶装1.555升,怡宝,怡宝饮用纯净水瓶装1555毫升,
2600,怡宝纯净水瓶装350毫升,怡宝,怡宝饮用纯净水瓶装350毫升,
2601,怡宝纯净水瓶装555毫升,怡宝,怡宝饮用纯净水瓶装555毫升,
2606,景田饮用纯净水瓶装1.5升,百岁山,景田饮用纯净水瓶装1500毫升,
2607,景田饮用纯净水瓶装360毫升,百岁山,景田饮用纯净水瓶装360毫升,
2611,景田饮用纯净水瓶装4.6升,百岁山,景田饮用纯净水瓶装4600毫升,
2608,景田饮用纯净水瓶装560毫升,百岁山,景田饮用纯净水瓶装560毫升,
1700,百岁山天然矿泉水瓶570ml,百岁山,景田百岁山饮用天然矿泉水瓶装570毫升,
2609,百岁山饮用天然矿泉水瓶装348毫升,百岁山,景田百岁山饮用天然矿泉水瓶装348毫升,
1721,纯水乐饮用天然水瓶1.5升,纯水乐,百事纯水乐饮用纯净水瓶装1500毫升,
2583,纯水乐饮用纯净水350毫升,纯水乐,百事纯水乐饮用纯净水瓶装350毫升,
2596,纯水乐饮用纯净水550毫升,纯水乐,百事纯水乐饮用纯净水瓶装550毫升,
237,百事冰纯水600ML,纯水乐,百事冰纯水瓶装600毫升,
1281,统一橙色天然水瓶570毫升,统一水,统一爱夸饮用天然矿泉水瓶装570毫升,
1068,统一浅绿色天然水瓶570毫升,统一水,统一爱夸饮用天然矿泉水瓶装570毫升,
1072,统一深绿色天然水瓶570毫升,统一水,统一爱夸饮用天然矿泉水瓶装570毫升,
2592,统一爱夸饮用天然矿泉水瓶装1500毫升(蓝色),统一水,统一爱夸饮用天然矿泉水瓶装1500毫升,
2636,统一爱夸饮用天然矿泉水瓶装360毫升(紫红色),统一水,统一爱夸饮用天然矿泉水瓶装360毫升,
2637,统一爱夸饮用天然矿泉水瓶装360毫升(紫色),统一水,统一爱夸饮用天然矿泉水瓶装360毫升,
2638,统一爱夸饮用天然矿泉水瓶装360毫升(蓝色),统一水,统一爱夸饮用天然矿泉水瓶装360毫升,
2677,统一爱夸饮用天然矿泉水瓶装570毫升(IT联名款),统一水,统一爱夸饮用天然矿泉水瓶装570毫升,
1069,统一紫色天然水瓶570毫升,统一水,统一爱夸饮用天然矿泉水瓶装570毫升,
1280,统一红色天然水瓶570毫升,统一水,统一爱夸饮用天然矿泉水瓶装570毫升,
1070,统一黄色天然水瓶570毫升,统一水,统一爱夸饮用天然矿泉水瓶装570毫升,
244,统一优质矿物质水(塑料瓶)570ML,统一水,统一爱夸饮用天然矿泉水瓶装570毫升,
1302,冰露矿泉水550ml,冰露,冰露包装饮用水瓶装550毫升,
1712,冰露矿泉水瓶3.8升,冰露,冰露包装饮用水瓶装3800毫升,
622,冰露纯悦包装饮用水塑料瓶1.5升,冰露,冰露包装饮用水瓶装1500毫升,
141,冰露矿物质水轻量1.5,冰露,冰露包装饮用水瓶装1500毫升,
58,冰露纯净水塑料1.5升,冰露,冰露饮用纯净水瓶装1500毫升,
147,新冰露主流矿物质水纯悦塑料350,冰露,纯悦包装饮用水瓶装350毫升,
798,冰露纯悦包装饮用水塑料瓶350毫升,冰露,纯悦包装饮用水瓶装350毫升,
54,新冰露主流矿物质水塑料350,冰露,冰露包装饮用水瓶装350毫升,
65,冰露机能水500,冰露,冰露机能水柠檬味瓶装500毫升,
129,新冰露主流矿物质水纯悦塑料550,冰露,纯悦包装饮用水瓶装550毫升,
55,冰露矿物质水塑料550,冰露,冰露包装饮用水瓶装550毫升,
57,冰露纯净水轻量瓶550,冰露,冰露饮用纯净水瓶装550毫升,
643,冰露纯悦包装饮用水塑料800毫升,冰露,纯悦包装饮用水瓶装800毫升,
2267,康师傅包装饮用水瓶380毫升,康师傅水,康师傅包装饮用水瓶装380毫升,
238,康师傅矿物质水塑料瓶1500ML,康师傅水,康师傅包装饮用水瓶装1500毫升,
1050,雀巢优活瓶装饮用水1.5升,雀巢,雀巢优活饮用水瓶装1500毫升,
1051,雀巢优活瓶装饮用水330毫升,雀巢,雀巢优活饮用水瓶装330毫升,
1049,雀巢优活瓶装饮用水550毫升,雀巢,雀巢优活饮用水瓶装550毫升,
310,雀巢优活饮用水(塑料瓶)5000ML-CS,雀巢,雀巢优活饮用水瓶装5000毫升,
802,纯悦神纤水青柠黄瓜味风味饮料塑料480毫升,纯悦,纯悦神纤水青柠黄瓜味瓶装480毫升,
803,纯悦神纤水塑料480ML,纯悦,纯悦神纤水原味瓶装480毫升,
1073,娃哈哈呦饮用天然矿泉水596毫升,娃哈哈水,娃哈哈饮用天然矿泉水瓶装596毫升,
1273,娃哈哈纯净水550ml,娃哈哈水,娃哈哈饮用纯净水晶钻瓶装550毫升,
249,娃哈哈饮用纯净水塑料瓶1500ML,娃哈哈水,娃哈哈饮用纯净水瓶装1500毫升,
245,娃哈哈纯净水(塑料瓶)350ML,娃哈哈水,娃哈哈饮用纯净水瓶装350毫升,
948,娃哈哈飲用純淨水4.5升,娃哈哈水,娃哈哈饮用纯净水瓶装4500毫升,
250,娃哈哈富氧弱碱性饮用水450ML,娃哈哈水,娃哈哈富氧弱碱性饮用水瓶装450毫升,
247,娃哈哈纯净水塑料瓶596ML,娃哈哈水,娃哈哈饮用纯净水瓶装596毫升,
248,娃哈哈活性含氧水(塑料瓶)600ML,娃哈哈水,娃哈哈富氧弱碱性饮用水瓶装600毫升,
712,统一海之言果味饮料 海盐 黑加仑 500ml,统一海之言,统一海之言海盐黑加仑瓶装500毫升,
225,统一海之言柠檬果味饮料果汁含量>=5%塑料瓶500ML-CS,统一海之言,统一海之言海盐柠檬瓶装500毫升,
598,海之言卡曼橘味果汁饮料瓶装500ML,统一海之言,统一海之言海盐卡曼橘瓶装500毫升,
331,三得利柠檬味沁柠水饮料塑料瓶550ML-CS,三得利风味水,三得利沁柠水瓶装550毫升,
733,三得利 沁桃水550ml,三得利风味水,三得利沁桃水瓶装550毫升,
