,id,sku_name
0,12130,Volvic Touch Of Fruit Strawberry Sugar Free Plastic Bottle 500 ml
1,11135,Volvic Touch Of Fruit Strawberry Plastic Bottle 1500 ml
2,12148,Volvic Touch Of Fruit Rhubarb Sugar Free Plastic Bottle 1500 ml
3,12175,Volvic Juicy Berry Plastic Bottle 1000 ml
4,12147,Vita Coco Coconut Water With Pineapple Tetra 330 ml
5,11188,Vita Coco Coconut Water Pressed Coconut Tetra 500 ml
6,12146,Vita Coco Coconut Water Pressed Coconut Tetra 1000 ml
7,12168,Vita Coco Coconut Milk Original Tetra 1000 ml
8,12145,Vimto Still No Added Sugar Tetra 250 ml
9,11504,Vimto Still No Added Sugar Plastic Bottle 500 ml
10,12151,Vimto Squash Plastic Bottle 1000 ml
11,12152,Vimto Squash No Added Sugar Plastic Bottle 1000 ml
12,12150,Vimto Fizzy Zero Plastic Bottle 500 ml
13,12138,"Vimto Fizzy Remix Raspberry,Orange And Passionfruit Can 330 ml"
14,12139,"Vimto Fizzy Remix Mango,Strawberry And Pineapple Can 330 ml"
15,12164,Tropicana Watermelon Apple And Raspberry Plastic Bottle 300 ml
16,12162,Tropicana Ruby Breakfast Tetra 850 ml
17,12161,Tropicana Pure Premium Pink Grapefruit Tetra 950 ml
18,12134,Tango Orange Sugar Free Can 330 ml
19,12167,Robinsons Fruit Shoot Apple Plastic Bottle 275 ml
20,12166,Robinsons Fruit Shoot Apple Plastic Bottle 200 ml
21,12140,Relentless Apple Kiwi Energy Drink Sleek Can 500 ml
22,12171,Red Bull The Coconut Edition Coconut Berry Energy Drink Sleek Can 355 ml
23,12136,Pepsi Wild Cherry Can 355 ml
24,12165,Pepsi Twist Lemon Can 330 ml
25,12169,Pepsi Sleek Can 330 ml
26,10906,Pepsi Diet Plastic Bottle 500 ml
27,12149,Pepsi Caffeine Free Can 355 ml
28,12137,Lucozade Sport Fit Water Plastic Bottle 600 ml
29,12135,Lipton Peach Ice Tea Can 330 ml
30,12173,Lipton Green Ice Tea Plastic Bottle 500 ml
31,12174,Lipton Green Ice Tea Lime And Mint Plastic Bottle 500 ml
32,12133,IRN-BRU Plastic Bottle 1000 ml
33,12172,Highland Spring Sparkling Plastic Bottle 500 ml
34,12132,Fanta Orange Plastic Bottle 3000 ml
35,12131,Fanta Laici Lychee Sleek Can 320 ml
36,12170,Diet Coke No Sugar No Calories Plastic Bottle 1250 ml
37,12144,Capri-Sun Fruity Water Mango Passion Fruit Pouch 200 ml
38,12143,Capri-Sun Fruit Crush Tropical Pouch 200 ml
39,12141,7Up Free Glass Bottle 330 ml
40,12142,7Up Cherry Can 355 ml
41,11620,Combo_Volvic Natural Mineral Water Plastic Bottle 500 ml_Colour Plastic Film 6 Plastic Bottle
42,11592,Combo_Sprite Lower Sugar Great Taste Can 330 ml_Colour Plastic Film 4 Can
43,11637,Combo_Rubicon Mango Tetra 1000 ml_Plastic Film 4 Tetra
44,11587,Combo_Pepsi Diet Can 330 ml_Colour Plastic Film 8 Can
45,11588,Combo_Pepsi Diet Can 330 ml_Colour Plastic Film 24 Can
46,11636,Combo_Lucozade Sport Raspberry Plastic Bottle 500 ml_Portable 6 Plastic Bottle
47,11638,Combo_Lucozade Sport Orange Plastic Bottle 500 ml_Portable 4 Plastic Bottle
48,11622,Combo_Highland Spring Still Spring Water Plastic Bottle 750 ml_Colour Plastic Film 20 Plastic Bottle
49,11619,Combo_Highland Spring Still Spring Water Plastic Bottle 330 ml_Colour Plastic Film 24 Plastic Bottle
50,11633,Combo_Evian Eau Natural Mineral Water Plastic Bottle 1500 ml_Colour Plastic Film 6 Plastic Bottle
51,11598,Combo_Diet Coke Mini Can 200 ml_Cardboard Box 6 Can
52,11612,Combo_Diet Coke Can 330 ml_Cardboard Box 18 Can
53,11589,Combo_Coca Cola Zero Sugar Can 330 ml_Colour Plastic Film 8 Can
54,11590,Combo_Coca Cola Zero Sugar Can 330 ml_Cardboard Box 18 Can
55,11594,Combo_Coca Cola Glass Bottle 250 ml_Portable 8 Glass Bottle
56,11593,Combo_Coca Cola Can 330 ml_Cardboard Box 15 Can
57,11634,Combo_Buxton Still Water Plastic Bottle 500 ml_Colour Plastic Film 8 Plastic Bottle
58,11639,Combo_Buxton Still Natural Mineral Water Plastic Bottle 1500 ml_Colour Plastic Film 6 Plastic Bottle
59,12079,Volvic Touch Of Fruit Watermelon Sugar Free Plastic Bottle 750 ml
60,12056,Volvic Juicy Berry Plastic Bottle 500 ml
61,12077,Volvic Juiced Berry Medley Plastic Bottle 500 ml
62,12078,Tango Orange Sugar Free Plastic Bottle 2000 ml
63,11366,Tango Apple Plastic Bottle 500 ml
64,11085,Sprite No Sugar Lemon Lime And Cucumber Great Taste Plastic Bottle 500 ml
65,12076,Sprite No Sugar Great Taste Can 150 ml
66,12074,Sprite Lower Sugar Great Taste Can 150 ml
67,10970,Schweppes Soda Water Plastic Bottle 1000 ml
68,12071,Pepsi Plastic Bottle 1750 ml
69,12063,Pepsi Max Raspberry Plastic Bottle 1250 ml
70,12062,Pepsi Diet Coffeine Free Plastic Bottle 2000 ml
71,12061,Oasis Summer Fruits Plastic Bottle 375 ml
72,11021,Oasis Mango Medley Plastic Bottle 500 ml
73,12073,Lucozade Zero Original Plastic Bottle 1000 ml
74,12081,Lucozade Zero Orange Plastic Bottle 1000 ml
75,12080,Lucozade Energy Cherry Plastic Bottle 1000 ml
76,12068,Innocent Seriously Strawberry Plastic Bottle 250 ml
77,12069,Innocent Magnificent Mango Plastic Bottle 250 ml
78,12067,Innocent Gorgeous Greens Plastic Bottle 250 ml
79,12075,IRN-BRU Xtra Original And Best Plastic Bottle 2000 ml
80,12055,IRN-BRU Xtra Original And Best Glass Bottle 750 ml
81,12064,IRN-BRU Plastic Bottle 2000 ml
82,12058,Fuze Tea Green Ice Tea Lime Mint Plastic Bottle 500 ml
83,12072,Evian Fruits And Plants Grape Rose Organic Plastic Bottle 370 ml
84,12070,Evian Eau Natural Mineral Water Plastic Bottle 330 ml
85,12082,Euro Shopper Original Energy Drink Sleek Can 500 ml
86,11180,Euro Shopper Original Energy Drink Sleek Can 250 ml
87,12066,Dr Pepper Plastic Bottle 450 ml
88,12065,Dr Pepper Cherry Plastic Bottle 450 ml
89,12060,Combo_Oasis Summer Fruits Plastic Bottle 375 ml_Portable 4 Plastic Bottle
90,12059,Combo_Oasis Summer Fruits Plastic Bottle 1500 ml_Plastic Film 12 Plastic Bottle
91,12057,Combo_Monster Mixxd Punch Energy Sleek Can 500 ml_Transport Box 12 Sleek Can
92,11155,Volvic Touch of Fruit Lemon And Lime Plastic Bottle 750 ml
93,12047,Volvic Touch Of Fruit Summer Fruits Sugar Free Plastic Bottle 500 ml
94,11130,Volvic Touch Of Fruit Summer Fruits Plastic Bottle 500 ml
95,12033,Volvic Touch Of Fruit Sugar Free Orange Flavour Plastic Bottle 1500 ml
96,11153,Volvic Touch of Fruit Lemon And Lime Sugar Free Plastic Bottle 750 ml
97,11125,Volvic Natural Mineral Water Plastic Bottle 1000 ml
98,12044,Tango Tropical Sugar Free Plastic Bottle 600 ml
99,12029,Tango Strawberry Watermelon Sugar Free Plastic Bottle 600 ml
100,12030,Tango Strawberry Watermelon Sugar Free Plastic Bottle 2000 ml
101,12018,Tango Strawberry Watermelon Sugar Free Can 330 ml
102,12032,Tango Cherry Plastic Bottle 600 ml
103,12052,Tango Cherry Plastic Bottle 2000 ml
104,12031,Tango Apple Plastic Bottle 600 ml
105,12026,Tango Apple Plastic Bottle 2000 ml
106,12038,Starbucks Doubleshot Espresso Milk Can 200 ml
107,12022,Schweppes Orange Cordial Plastic Bottle 1000 ml
108,10947,Rockstar Juicde Energy Mango Orange Passionfruit Sleek Can 500 ml
109,12054,Rockstar Freeze Energy Watermelon Freeze Sleek Can 500 ml
110,12016,Rockstar Energy Drink Sleek Can 250 ml
111,11279,Rockstar Blueberry Pomegranate Acai Sleek Can 500 ml
112,12043,Ribena Strawberry Tetra 250 ml
113,12040,Ribena Pineapple And Passion Fruit Tetra 250 ml
114,11344,Ribena Mini Brilliant Blackcurrant Plastic Bottle 200 ml
115,12042,Ribena Blackcurrant Tetra 250 ml
116,12020,Ribena Blackcurrant Tetra 1000 ml
117,12041,IRN-BRU Sleek Can 500 ml
118,12027,Frutti Fresh Tutti Frutti Plastic Bottle 2000 ml
119,12028,Frutti Fresh Peach Plastic Bottle 2000 ml
120,12036,Fever-Tree Refreshingly Light Mediterranean Tonic Water Can 150 ml
121,12014,Fever-Tree Refreshingly Light Indian Tonic Water Can 150 ml
122,12034,Fever-Tree Refreshingly Light Aromatic Tonic Water Can 150 ml
123,12017,Fanta Zero Added Sugar Grape Plastic Bottle 2000 ml
124,12046,Emmi Caffe Latte Cappuccino Classic Remix Cup 230 ml
125,12025,Dr Pepper Can 150 ml
126,12024,Diet Coke No Sugar No Calories Can 150 ml
127,12019,Diet Coke Exotic Mango Plastic Bottle 1250 ml
128,11845,Combo_Sprite No Sugar Great Taste Can 330 ml_Colour Plastic Film 6 Can
129,12045,Combo_Schweppes Slimline Lemonade Plastic Bottle 2000 ml_Colour Plastic Film 4 Plastic Bottle
130,12049,Combo_Relentless Origin Energy Drink Sleek Can 500 ml_Colour Plastic Film 4 Can
131,12053,Combo_Monster Hydro Tropical Thunder Plastic Bottle 550 ml_Portable 4 Plastic Bottle
132,12051,Combo_Monster Espresso Cream Sleek Can 250 ml_Transport Box 12 Sleek Can
133,12050,Combo_Monster Energy Ultra Violet Sleek Can 500 ml_Transport Box 12 Sleek Can
134,12037,Combo_Fever-Tree Refreshingly Light Mediterranean Tonic Water Can 150 ml_Cardboard Box 8 Can
135,12015,Combo_Fever-Tree Refreshingly Light Indian Tonic Water Can 150 ml_Cardboard Box 8 Can
136,12035,Combo_Fever-Tree Refreshingly Light Aromatic Tonic Water Can 150 ml_Cardboard Box 8 Can
137,11846,Combo_Fanta Zero Sugar Fruit Twist Can 330 ml_Colour Plastic Film 4 Can
138,12021,Combo_Coca Cola Glass Bottle 250 ml_Portable 4 Glass Bottle
139,12023,Coca Cola Zero Sugar Can 150 ml
140,12039,Capri-Sun No Added Sugar Orange And Lemon Pouch 330 ml
141,11770,Combo_Volvic Touch Of Fruit Lemon And Lime Plastic Bottle 500 ml_Colour Plastic Film 6 Plastic Bottle
142,11722,Vimto Squash No Added Sugar Plastic Bottle 2000 ml
143,11767,Starbucks Frappuccino Vanilla Plastic Bottle 250 ml
144,11713,Schweppes Russchian Can 150 ml
145,11709,Schweppes Gordons Premium Pink Distilled Gin And Tonic Sleek Can 250 ml
146,10984,Schweppes Diet Lemonade Plastic Bottle 2000 ml
147,11749,Schweppes Bitter Lemon Plastic Bottle 1000 ml
148,11708,Rubicon Sunexotic Sparkling Pineapple And Coconut Can 330 ml
149,11748,Rockstar Zero Sugar Revolt Energy Sleek Can 500 ml
150,11747,Rockstar Twister Energy Sleek Can 500 ml
151,11701,Robinsons Fruit Shoot Summer Fruits Plastic Bottle 200 ml
152,11643,Robinsons Fruit Shoot Hydro Blackcurrant Spring Water Drink Plastic Bottle 200 ml
153,11687,Robinsons Fruit Shoot Hydro Apple And Raspberry Plastic Bottle 200 ml
154,11717,Ribena Mini Orange Plastic Bottle 200 ml
155,11746,Ribena Blackcurrant Glass Bottle 850 ml
156,11769,Oasis Summer Fruits Plastic Bottle 1500 ml
157,11679,Lucozade Zero Original Plastic Bottle 500 ml
158,11657,Lucozade Sport Orange Plastic Bottle 750 ml
159,11768,Lucozade Energy Original Can 330 ml
160,11766,Lipton Ice Tea Lemon Sleek Can 320 ml
161,11742,Frutti Fresh Red Grapes Plastic Bottle 2000 ml
162,11712,Frutti Fresh Orange Plastic Bottle 500 ml
163,11646,Fever-Tree Refreshingly Light Tonic Water Can 150 ml
164,11650,Fever-Tree Refreshingly Light Cucumber Tonic Water Can 150 ml
165,11757,Fanta Zero Sugar Orange Can 150 ml
166,11711,Dr Pepper Sec Can 355 ml
167,11756,Dr Pepper Can 355 ml
168,11668,Diet Coke Plastic Bottle 250 ml
169,11669,Diet Coke No Sugar No Calories Plastic Bottle 250 ml
170,11658,Combo_Volvic Touch Of Fruit Strawberry Plastic Bottle 500 ml_Colour Plastic Film 6 Plastic Bottle
171,11738,Combo_Volvic Natural Mineral Water Plastic Bottle 500 ml_Cardboard Box 24 Plastic Bottle
172,11752,Combo_Volvic Natural Mineral Water Plastic Bottle 1500 ml_Cardboard Box 12 Plastic Bottle
173,11656,Combo_Volvic Natural Mineral Water Plastic Bottle 1000 ml_Cardboard Box 12 Plastic Bottle
174,11723,Combo_Vimto Squash No Added Sugar Plastic Bottle 2000 ml_Transport Box 6 Plastic Bottle
175,11741,Combo_Tango Tropical Sugar Free Can 330 ml_Colour Plastic Film 6 Can
176,11743,Combo_Tango Orange Can 330 ml_Colour Plastic Film 8 Can
177,11740,Combo_Tango Orange Can 330 ml_Colour Plastic Film 6 Can
178,11760,Combo_Starbucks Doubleshot Espresso Black Can 200 ml_Transport Box 12 Can
179,11649,Combo_Sprite No Sugar Great Taste Mini Can 200 ml_Cardboard Box 6 Can
180,11706,Combo_Sprite Lower Sugar Great Taste Can 330 ml_Transport Box 24 Can
181,11673,Combo_Sprite Lower Sugar Great Taste Can 330 ml_Colour Plastic Film 8 Can
182,11719,Combo_Schweppes Russchian Can 150 ml_Cardboard Box 12 Can
183,11710,Combo_Schweppes Gordons Premium Pink Distilled Gin And Tonic Sleek Can 250 ml_Colour Plastic Film 4 Can 
184,11731,Combo_Rubicon Sunexotic Sparkling Pineapple And Coconut Can 330 ml_Transport Box 24 Can
185,11724,Combo_Rubicon Sparkling Mango Can 330 ml_Colour Plastic Film 12 Can
186,11705,Combo_Rubicon Mango Tetra 288 ml_Transport Box 24 Tetra
187,11653,Combo_Rockstar Blueberry Pomegranate Acai Sleek Can 500 ml_Colour Plastic Film 4 Sleek Can
188,11707,Combo_Robinsons Fruit Shoot Orange Sugar Plastic Bottle 200 ml_Portable 4 Plastic Bottle
189,11720,Combo_Robinsons Fruit Shoot Orange Plastic Bottle 200 ml_Colour Plastic Film 24 Plastic Bottle
190,11688,Combo_Robinsons Fruit Shoot Hydro Apple And Raspberry Plastic Bottle 200 ml_Portable 8 Plastic Bottle
191,11715,Combo_Robinsons Fruit Shoot Apple And Blackcurrant Plastic Bottle 200 ml_Portable 4 Plastic Bottle
192,11765,Combo_Robinsons Fruit Shoot Apple And Blackcurrant Plastic Bottle 200 ml_Colour Plastic Film 24 Plastic Bottle
193,11718,Combo_Ribena Mini Orange Plastic Bottle 200 ml_Portable 8 Plastic Bottle
194,11671,Combo_Red Bull Sugar Free Sleek Can 250 ml_Transport Box 24 Sleek Can
195,11745,Combo_Red Bull Energy Drink Sleek Can 355 ml_Cardboard Box 12 Sleek Can
196,11659,Combo_Red Bull Energy Drink Sleek Can 250 ml_Portable 8 Sleek Can
197,11725,Combo_Pepsi Max Raspberry Can 330 ml_Colour Plastic Film 8 Can
198,11694,Combo_Pepsi Max Raspberry Can 330 ml_Colour Plastic Film 6 Can
199,11691,Combo_Pepsi Max Can 330 ml_Colour Plastic Film 6 Can
200,11689,Combo_Pepsi Max Can 330 ml_Colour Plastic Film 30 Can
201,11682,Combo_Pepsi Max Can 330 ml_Colour Plastic Film 12 Can
202,11690,Combo_Pepsi Max Can 330 ml_Colour Plastic Film 10 Can
203,11763,Combo_Pepsi Diet Plastic Bottle 500 ml_Plastic Film 24 Plastic Bottle
204,11672,Combo_Pepsi Can 330 ml_Colour Plastic Film 4 Can
205,11695,Combo_Oasis Citrus Punch Plastic Bottle 1500 ml_Plastic Film 12 Plastic Bottle
206,11739,Combo_Monster Mixxd Punch Energy Sleek Can 500 ml_Transport Box 24 Sleek Can
207,11744,Combo_Monster Lewis Hamilton Energy Sleek Can 500 ml_Transport Box 12 Sleek Can
208,11686,Combo_Monster Energy Ultra Violet Sleek Can 500 ml_Cardboard Box 4 Sleek Can
209,11751,Combo_Monster Energy Ultra Sunrise Sleek Can 500 ml_Transport Box 12 Sleek Can
210,11700,Combo_Monster Energy The Doctor Sleek Can 500 ml_Cardboard Box 4 Sleek Can
211,11750,Combo_Monster Energy Original Sleek Can 440 ml_Transport Box 24 Sleek Can
212,11762,Combo_Monster Absolute Zero Energy Drink Sleek Can 500 ml_Transport Box 24 Sleek Can
213,11732,Combo_Lucozade Sport Caribbean Burst Plastic Bottle 500 ml_Portable 4 Plastic Bottle
214,11703,Combo_Lucozade Sport Mango And Passion Fruit Plastic Bottle 500 ml_Portable 4 Plastic Bottle
215,11730,Combo_Lucozade Energy Wild Cherry Plastic Bottle 380 ml_Colour Plastic Film 8 Plastic Bottle
216,11642,Combo_Lucozade Energy Orange Plastic Bottle 380 ml_Colour Plastic Film 8 Plastic Bottle
217,11697,Combo_Lucozade Energy Orange Plastic Bottle 380 ml_Colour Plastic Film 6 Plastic Bottle
218,11696,Combo_Lucozade Energy Orange Plastic Bottle 380 ml_Colour Plastic Film 24 Plastic Bottle
219,11674,Combo_Lucozade Energy Caribbean Crush Plastic Bottle 380 ml_Colour Plastic Film 8 Plastic Bottle
220,11677,Combo_Lucozade Energy Apple Blast Plastic Bottle 380 ml_Colour Plastic Film 8 Plastic Bottle
221,11641,Combo_Lilt Zero Pineapple And Grapefruit Can 330 ml_Colour Plastic Film 4 Can
222,11721,Combo_Lilt Pineapple And Grapefruit Can 330 ml_Transport Box 24 Can
223,11654,Combo_Highland Spring Still Spring Water Plastic Bottle 750 ml_Colour Plastic Film 6 Plastic Bottle
224,11655,Combo_Highland Spring Still Spring Water Plastic Bottle 500 ml_Colour Plastic Film 6 Plastic Bottle
225,11753,Combo_Glaceau Smartwater Plastic Bottle 600 ml_Cardboard Box 24 Plastic Bottle
226,11678,Combo_Fuze Tea Mango Chamomile Plastic Bottle 400 ml_Plastic Film 12 Plastic Bottle
227,11647,Combo_Fever-Tree Refreshingly Light Tonic Water Can 150 ml_Cardboard Box 8 Can
228,11651,Combo_Fever-Tree Refreshingly Light Cucumber Tonic Water Can 150 ml_Cardboard Box 8 Can
229,11758,Combo_Fanta Zero Sugar Orange Can 150 ml_Transport Box 24 Can
230,11665,Combo_Fanta Zero Added Sugar Grape Can 330 ml_Colour Plastic Film 4 Can
231,11662,Combo_Evian Natural Mineral Water Plastic Bottle 750 ml_Cardboard Box 12 Plastic Bottle
232,11661,Combo_Evian Natural Mineral Water Plastic Bottle 500 ml_Cardboard Box 24 Plastic Bottle
233,11664,Combo_Dr Pepper Zero Mini Sleek Can 200 ml_Cardboard Box 6 Sleek Can
234,11640,Combo_Dr Pepper Zero Can 330 ml_Colour Plastic Film 4 Can
235,11726,Combo_Dr Pepper Can 330 ml_Colour Plastic Film 8 Can
236,11670,Combo_Diet Coke No Sugar No Calories Plastic Bottle 250 ml_Portable 8 Plastic Bottle
237,11729,Combo_Diet Coke No Sugar No Calories Can 330 ml_Transport Box 24 Can
238,11692,Combo_Diet Coke No Sugar No Calories Can 330 ml_Cardboard Box 18 Can
239,11645,Combo_Diet Coke Can 330 ml_Transport Box 24 Can
240,11676,Combo_Coca Cola Zero Sugar Vanilla  Can 330 ml_Colour Plastic Film 4 Can
241,11683,Combo_Coca Cola Zero Sugar Glass Bottle 250 ml_Portable 4 Glass Bottle
242,11727,Combo_Coca Cola Zero Sugar Can 330 ml_Transport Box 24 Can
243,11736,Combo_Coca Cola Sleek Can 250 ml_Transport Box 24 Sleek Can
244,11699,Combo_Coca Cola Plastic Bottle 1750 ml_Colour Plastic Film 4 Plastic Bottle
245,11693,Combo_Coca Cola Classic Cherry Can 330 ml_Colour Plastic Film 8 Can
246,11728,Combo_Coca Cola Can 330 ml_Transport Box 24 Can
247,11652,Combo_Capri-Sun Blackcurrant Pouch 200 ml_Cardboard Box 20 Pouch
248,11675,Combo_Capri-Sun Blackcurrant Pouch 200 ml_Cardboard Box 10 Pouch
249,11648,Combo_Buxton Still Natural Mineral Water Plastic Bottle 750 ml_Colour Plastic Film 6 Plastic Bottle
250,11735,Combo_Boost Energy Sugar Free Original Can 250 ml_Transport Box 24 Can
251,11764,Combo_Boost Energy Red Berry Can 250 ml_Transport Box 24 Can
252,11754,Combo_Boost Energy Original Can 250 ml_Portable 4 Can
253,11685,"Combo_7Up Lemon,Lime And Bubbles Plastic Bottle 500 ml_Plastic Film 24 Plastic Bottle"
254,11684,"Combo_7Up Lemon,Lime And Bubbles Can 330 ml_Colour Plastic Film 8 Can"
255,11716,Combo_7Up Free Plastic Bottle 250 ml_Colour Plastic Film 4 Plastic Bottle
256,11704,Combo_7Up Free Can 330 ml_Colour Plastic Film 8 Can
257,11666,Combo_7Up Free Can 330 ml_Colour Plastic Film 6 Can
258,11667,Combo_7Up Free Can 330 ml_Colour Plastic Film 24 Can
259,11759,Combo_ Relentless Origin Energy Drink Sleek Can 500 ml_Transport Box 12 Can
260,11681,Coca Cola Zero Sugar Cinnamon Plastic Bottle 1250 ml
261,11755,Coca Cola Plastic Bottle 300 ml
262,11714,7Up Free Plastic Bottle 250 ml
263,11631,Robinsons Fruit Shoot Orange Plastic Bottle 200 ml
264,11621,Highland Spring Still Spring Water Plastic Bottle 750 ml
265,11618,Highland Spring Still Spring Water Plastic Bottle 330 ml
266,11606,Grace Coconut Water Drink Smooth Can 310 ml
267,11605,Fanta Orange Sleek Can 200 ml
268,11604,Diet Coke Sleek Can 200 ml
269,11632,Combo_Robinsons Fruit Shoot Orange Plastic Bottle 200 ml_Portable 8 Plastic Bottle
270,11635,Combo_Ribena Mini Brilliant Blackcurrant Plastic Bottle 200 ml_Portable 8 Plastic Bottle
271,11613,Combo_Red Bull Sugar Free Sleek Can 250 ml_Portable 4 Sleek Can
272,11610,Combo_Fanta Orange Sleek Can 200 ml_Cardboard Box 6 Sleek Can
273,11595,Combo_Coca Cola Sleek Can 200 ml_Cardboard Box 4 Sleek Can
274,11603,Coca Cola Sleek Can 200 ml
275,11602,Coca Cola Glass Bottle 250 ml
276,11627,Tropicana Smooth Orange With No Bits Tetra 950 ml
277,11002,Sprite Zero Can 330 ml
278,11004,Sprite Can 330 ml
279,11559,Pepsi Light Can 330 ml
280,11626,Lucozade Energy Brazilian Mango And Mandarin Plastic Bottle 1000 ml
281,11601,Lipton Ice Tea Peach Plastic Bottle 1250 ml
282,11576,Lipton Green Ice Tea Can 330 ml
283,11573,Innocent Tropical Juice Glass Bottle 1350 ml
284,11572,Innocent Orange With Bits Glass Bottle 900 ml
285,11575,IRN-BRU Xtra Original And Best Plastic Bottle 500 ml
286,11563,IRN-BRU Sugar Free Plastic Bottle 250 ml
287,11565,IRN-BRU Sugar Free Plastic Bottle 2000 ml
288,11564,IRN-BRU Sugar Free Plastic Bottle 1000 ml
289,11571,IRN-BRU Sugar Free Glass Bottle 750 ml
290,11566,IRN-BRU Plastic Bottle 250 ml
291,11570,IRN-BRU Glass Bottle 750 ml
292,11562,Highland Spring Still Spring Water Plastic Bottle 2000 ml
293,11561,Highland Spring Still Spring Water Ochil Hills Glass Bottle 330 ml
294,11623,Fanta Zero Sugar Pink Grapefruit Plastic Bottle 2000 ml
295,11567,Fanta Manguava Plastic Bottle 2000 ml
296,11624,Fanta Grape Plastic Bottle 1500 ml
297,11625,Fanta Dragonfruit Plastic Bottle 1500 ml
298,11579,Combo_Sprite No Sugar Great Taste Can 330 ml_Colour Plastic Film 4 Can
299,11585,Combo_Robinsons Fruit Shoot Apple And Blackcurrant Plastic Bottle 200 ml_Portable 8 Plastic Bottle
300,11600,Combo_Pepsi Max Can 330 ml_Colour Plastic Film 8 Can
301,11584,Combo_Pepsi Max Can 330 ml_Colour Plastic Film 24 Can
302,11597,Combo_Pepsi Max Can 330 ml_Cardboard Box 15 Can
303,11560,Combo_Pepsi Light Can 330 ml_Colour Plastic Film 6 Can
304,11609,Combo_Lucozade Sport Raspberry Plastic Bottle 500 ml_Portable 4 Plastic Bottle
305,11611,Combo_Lucozade Sport Orange Plastic Bottle 500 ml_Portable 6 Plastic Bottle
306,11607,Combo_Fanta Zero Sugar Orange Can 330 ml_Colour Plastic Film 4 Can
307,11608,Combo_Fanta Fruit Twist Can 330 ml_Colour Plastic Film 4 Can
308,11581,Combo_Diet Coke Exotic Mango Can 330 ml_Colour Plastic Film 4 Can
309,11586,Combo_ Diet Coke No Sugar No Calories Can 330 ml_Cardboard Box 24 Can
310,11577,Coca Cola Zero Sugar Glass Bottle 250 ml
311,11568,Coca Cola Vanilla Can 330 ml
312,11569,Coca Cola Plastic Bottle 2500 ml
313,11016,Coca Cola Light No Sugar No Calories Can 330 ml
314,11630,Appletiser 100% Apple Juice Gently Sparking Glass Bottle 275 ml
315,11628,"7Up Lemon,Lime And Bubbles Plastic Bottle 500 ml"
316,11629,"7Up Free Free Of Suger,Colour And Caffeine Plastic Bottle 600 ml"
317,11145,"7Up Free Free Of Suger,Colour And Caffeine Can 330 ml"
318,11505,Tropicana Smooth Orange Plastic Bottle 300 ml
319,11506,Tropicana Orange With Bits Plastic Bottle 300 ml
320,11501,Tropicana Essentials Berry Boost Plastic Bottle 330 ml
321,11489,Tango Tropical Sugar Free Plastic Bottle 2000 ml
322,11352,Tango Tropical Sugar Free Can 330 ml
323,11364,Schweppes Slimline Tonic Water Can 150 ml
324,11443,Schweppes Lemonade Can 150 ml
325,11357,Schweppes Canada Dry Ginger Ale Can 150 ml
326,11492,Schweppes 1783 Quenching Cucumber Tonic Water Can 150 ml
327,11498,Schweppes 1783 Muscavado Dark Spirit Mixer Can 150 ml
328,11494,Schweppes 1783 Light Tonic Water Can 150 ml
329,11496,Schweppes 1783 Golden Ginger Ale Can 150 ml
330,11490,Schweppes 1783 Crisp Tonic Water Can 150 ml
331,11502,Rubicon Watermelon Tetra 1000 ml
332,11351,Rubicon Sunexotic Pineapple And Coconut Tetra 288 ml
333,11389,Rubicon Guava Tetra 288 ml
334,11503,Rubicon Deluxe Guava Tetra 1000 ml
335,11386,Ribena Pineapple And Passion Fruit Plastic Bottle 500 ml
336,11354,Relentless Origin Energy Drink Sleek Can 500 ml
337,11367,Red Bull Zero Sleek Can 250 ml
338,11453,Oasis Summer Fruits Plastic Bottle 250 ml
339,11458,Oasis Citrus Punch Plastic Bottle 250 ml
340,11368,Lucozade Zero Pink Lemonade Plastic Bottle 380 ml
341,11488,Lucozade Energy Brazilian Mango And Mandarin Plastic Bottle 380 ml
342,11369,Lipton Ice Tea Lemon Plastic Bottle 1500 ml
343,11371,Lipton Ice Tea Lemon Plastic Bottle 1250 ml
344,11380,IRN-BRU Sugar Free Can 330 ml
345,11353,IRN-BRU Plastic Bottle 500 ml
346,11507,IRN-BRU Can 330 ml
347,11379,Highland Spring Still Spring Water Plastic Bottle 1000 ml
348,11387,Frutti Fresh Pink Grapefruit Plastic Bottle 2000 ml
349,11360,Fever-Tree Sicilian Lemon Tonic Glass Bottle 200 ml
350,11359,Fever-Tree Refreshingly Light Tonic Water Glass Bottle 200 ml
351,11355,Fever-Tree Premium Indian Tonic Water Glass Bottle 200 ml
352,11372,Fever-Tree Premium Indian Tonic Water Can 150 ml
353,11356,Fever-Tree Naturally Light Tonic Water Glass Bottle 200 ml
354,11358,Fever-Tree Mediterranean Tonic Water Glass Bottle 200 ml
355,11381,Fever-Tree Mediterranean Tonic Water Can 150 ml
356,11376,Fever-Tree Indian Tonic Water Can 150 ml
357,11382,Fever-Tree Refreshingly Light Elderflower Tonic Water Can 150 ml
358,11383,Fever-Tree Aromatic Tonic Water Can 150 ml
359,11454,Fanta Zero Sugar Fruit Twist Can 330 ml
360,11375,Evian Eau Minerale Naturelle Plastic Bottle 1000 ml
361,11500,Euro Shopper Sport Isotonic Hydration Tropical Plastic Bottle 500 ml 
362,11390,Euro Shopper Sport Isotonic Hydration Tropical Orange Plastic Bottle 500 ml
363,11395,Euro Shopper Orange Juice From Concentrate Tetra 1000 ml
364,11509,Diet Coke No Sugar No Calories Plastic Bottle 3000 ml
365,11466,Combo_Sprite Zero Can 330 ml_Colour Plastic Film 6 Can
366,11412,Combo_Sprite Lower Sugar Great Taste Can 330 ml_Colour Plastic Film 6 Can
367,11402,Combo_Schweppes Slimline Tonic Water Can 150 ml_Cardboard Box 12 Can
368,11445,Combo_Schweppes Lemonade Plastic Bottle 2000 ml_Colour Plastic Film 4 Plastic Bottle
369,11468,Combo_Schweppes Lemonade Can 330 ml_Colour Plastic Film 6 Can
370,11444,Combo_Schweppes Lemonade Can 150 ml_Cardboard Box 12 Can
371,11401,Combo_Schweppes Indian Tonic Water Can 150 ml_Cardboard Box 12 Can
372,11446,Combo_Schweppes Diet Lemonade Plastic Bottle 2000 ml_Colour Plastic Film 4 Plastic Bottle
373,11403,Combo_Schweppes Canada Dry Ginger Ale Can 150 ml_Cardboard Box 12 Can
374,11493,Combo_Schweppes 1783 Quenching Cucumber Tonic Water Can 150 ml_Cardboard Box 6 Can
375,11499,Combo_Schweppes 1783 Muscavado Dark Spirit Mixer Can 150 ml_Cardboard Box 6 Can
376,11495,Combo_Schweppes 1783 Light Tonic Water Can 150 ml_Cardboard Box 6 Can
377,11497,Combo_Schweppes 1783 Golden Ginger Ale Can 150 ml_Cardboard Box 6 Can
378,11491,Combo_Schweppes 1783 Crisp Tonic Water Can 150 ml_Cardboard Box 6 Can
379,11436,Combo_Relentless Passion Punch Drink Sleek Can 500 ml_Cardboard Box 4 Sleek Can
380,11434,Combo_Relentless Origin Energy Drink Sleek Can 500 ml_Cardboard Box 4 Sleek Can
381,11388,Combo_Pepsi Diet Can 330 ml_Colour Plastic Film 6 Can
382,11377,Combo_Pepsi Can 330 ml_Colour Plastic Film 6 Can
383,11399,Combo_Pepsi Can 330 ml_Colour Plastic Film 12 Can
384,11457,Combo_Oasis Summer Fruits Plastic Bottle 250 ml_Portable 6 Plastic Bottle
385,11459,Combo_Oasis Citrus Punch Plastic Bottle 250 ml_Portable 6 Plastic Bottle
386,11432,Combo_Monster Ripper Juiced Energy Juice Sleek Can 500 ml_Cardboard Box 4 Sleek Can
387,11437,Combo_Monster Lewis Hamilton Energy Sleek Can 500 ml_Cardboard Box 4 Sleek Can
388,11433,Combo_Monster Energy Ultra Sleek Can 500 ml_Cardboard Box 4 Sleek Can
389,11438,Combo_Monster Energy Ultra Red Sleek Can 500 ml_Cardboard Box 4 Sleek Can
390,11435,Combo_Monster Energy Original Sleek Can 500 ml_Cardboard Box 8 Sleek Can
391,11431,Combo_Monster Energy Original Sleek Can 500 ml_Cardboard Box 4 Sleek Can
392,11411,Combo_Lilt Zero Pineapple And Grapefruit Can 330 ml_Colour Plastic Film 6 Can
393,11481,Combo_Honest Organic Kids Twisted Tropical Punch Plastic Bottle 200 ml_Portable 6 Plastic Bottle
394,11480,Combo_Honest Organic Kids Applely Ever After Plastic Bottle 200 ml_Portable 6 Plastic Bottle
395,11456,Combo_Glaceau Smartwater Sparkling Plastic Bottle 600 ml_Colour Plastic Film 6 Plastic Bottle
396,11483,Combo_Fuze Tea Peach Hibiscus Plastic Bottle 400 ml_Colour Plastic Film 4 Plastic Bottle
397,11482,Combo_Fuze Tea Mango Chamomile Plastic Bottle 400 ml_Colour Plastic Film 4 Plastic Bottle
398,11428,Combo_Fever-Tree Sicilian Lemon Tonic Glass Bottle 200 ml_Portable 4 Glass Bottle
399,11427,Combo_Fever-Tree Refreshingly Light Tonic Water Glass Bottle 200 ml_Portable 4 Glass Bottle 
400,11424,Combo_Fever-Tree Premium Indian Tonic Water Glass Bottle 200 ml_Portable 4 Glass Bottle
401,11429,Combo_Fever-Tree Premium Indian Tonic Water Can 150 ml_Cardboard Box 8 Can
402,11425,Combo_Fever-Tree Naturally Light Tonic Water Glass Bottle 200 ml_Portable 4 Glass Bottle
403,11426,Combo_Fever-Tree Mediterranean Tonic Water Glass Bottle 200 ml_Portable 4 Glass Bottle
404,11430,Combo_Fever-Tree Indian Tonic Water Can 150 ml_Cardboard Box 8 Can
405,11447,Combo_Fanta Zero Sugar Orange Can 330 ml_Colour Plastic Film 8 Can
406,11440,Combo_Fanta Zero Sugar Orange Can 330 ml_Colour Plastic Film 6 Can
407,11455,Combo_Fanta Zero Sugar Fruit Twist Can 330 ml_Colour Plastic Film 8 Can
408,11416,Combo_Fanta Orange Can 330 ml_Colour Plastic Film 8 Can
409,11423,Combo_Fanta Fruit Twist Can 330 ml_Colour Plastic Film 8 Can
410,11409,Combo_Fanta Fruit Twist Can 330 ml_Colour Plastic Film 6 Can
411,11464,Combo_Dr Pepper Zero Can 330 ml_Colour Plastic Film 6 Can
412,11404,Combo_Dr Pepper Can 330 ml_Colour Plastic Film 6 Can
413,11441,Combo_Diet Coke Plastic Bottle 1250 ml_Colour Plastic Film 6 Plastic Bottle
414,11487,Combo_Diet Coke No Sugar No Calories Glass Bottle 250 ml_Portable 6 Glass Bottle
415,11462,Combo_Diet Coke No Sugar No Calories Glass Bottle 250 ml_Portable 4 Glass Bottle
416,11472,Combo_Diet Coke No Sugar No Calories Can 330 ml_Cardboard Box 30 Can
417,11473,Combo_Diet Coke No Sugar No Calories Can 330 ml_Cardboard Box 10 Can
418,11450,Combo_Diet Coke No Caffeine Can 330 ml_Colour Plastic Film 8 Can
419,11449,Combo_Diet Coke Feisty Cherry Can 330 ml_Colour Plastic Film 8 Can
420,11486,Combo_Diet Coke Exotic Mango Can 330 ml_Colour Plastic Film 8 Can
421,11439,Combo_Diet Coke Can 330 ml_Colour Plastic Film 8 Can
422,11400,Combo_Diet Coke Can 330 ml_Colour Plastic Film 4 Can
423,11391,Combo_Coca Cola Zero Sugar Raspberry Can 330 ml_Colour Plastic Film 4 Can
424,11485,Combo_Coca Cola Zero Sugar Peach Can 330 ml_Colour Plastic Film 8 Can
425,11452,Combo_Coca Cola Zero Sugar Cherry Can 330 ml_Colour Plastic Film 8 Can
426,11451,Combo_Coca Cola Zero Sugar Can 330 ml_Colour Plastic Film 4 Can
427,11448,Combo_Coca Cola Zero Sugar Can 330 ml_Cardboard Box 30 Can
428,11442,Combo_Coca Cola Zero Sugar Can 330 ml_Cardboard Box 24 Can
429,11479,Combo_Coca Cola Zero Sugar Can 330 ml_Cardboard Box 10 Can
430,11477,Combo_Coca Cola Zero Can 330 ml_Colour Plastic Film 6 Can
431,11461,Combo_Coca Cola Sleek Can 250 ml_Colour Plastic Film 4 Sleek Can
432,11474,Combo_Coca Cola Classic Cherry Can 330 ml_Colour Plastic Film 6 Can
433,11394,Combo_Coca Cola Can 330 ml_Colour Plastic Film 6 Can
434,11470,Combo_Coca Cola Can 330 ml_Cardboard Box 24 Can
435,11406,Combo_Capri-Sun Tropical Pouch 200 ml_Cardboard Box 10 Pouch
436,11465,Combo_Capri-Sun Summer Berries Pouch 200 ml_Cardboard Box 10 Pouch
437,11396,Combo_Capri-Sun Safari Fruits Pouch 200 ml_Cardboard Box 5 Pouch
438,11397,Combo_Capri-Sun Safari Fruits Pouch 200 ml_Cardboard Box 10 Pouch
439,11467,Combo_Capri-Sun Orange Pouch 200 ml_Cardboard Box 5 Pouch
440,11407,Combo_Capri-Sun Orange Pouch 200 ml_Cardboard Box 10 Pouch
441,11418,Combo_Capri-Sun No Added Sugar Tropical Pouch 200 ml_Cardboard Box 10 Pouch
442,11419,Combo_Capri-Sun No Added Sugar Orange Pouch 200 ml_Cardboard Box 10 Pouch
443,11421,Combo_Capri-Sun No Added Sugar Blackcurrant Pouch 200 ml_Cardboard Box 10 Pouch
444,11408,Combo_Capri-Sun Mango Pouch 200 ml_Cardboard Box 10 Pouch
445,11392,Combo_Capri-Sun Fruity Water No Added Sugar Peach And Apricot Pouch 200 ml_Cardboard Box 10 Pouch
446,11393,Combo_Capri-Sun Fruity Water No Added Sugar Lemon And Lime Pouch 200 ml_Cardboard Box 10 Pouch
447,11405,Combo_Capri-Sun Apple Pouch 200 ml_Cardboard Box 10 Pouch
448,11398,Combo_Capri-Sun Apple Cherry Pouch 200 ml_Cardboard Box 10 Pouch
449,11460,Combo_Appletiser 100% Apple Juice Lightly Sparking Sleek Can 250 ml_Colour Plastic Film 6 Sleek Can
450,11471,Combo_ Diet Coke No Sugar No Calories Can 330 ml_Colour Plastic Film 8 Can
451,11476,Coca Cola Zero Sugar Raspberry Plastic Bottle 1250 ml
452,11508,Coca Cola Zero Sugar Plastic Bottle 3000 ml
453,11385,Coca Cola Zero Sugar Plastic Bottle 2000 ml
454,11361,Capri-Sun Fruity Water No Added Sugar Peach And Apricot Pouch 200 ml
455,11362,Capri-Sun Fruity Water No Added Sugar Lemon And Lime Pouch 200 ml
456,11365,Capri-Sun Apple Pouch 200 ml
457,11378,Capri-Sun Apple Cherry Pouch 200 ml
458,11342,"Vimto Still Fruity Spring Water No Added Sugar Grapes,Raspberries And Blackcurrants Plastic Bottle 500 ml"
459,11323,"Vimto Fizzy Remix Raspberry,Orange And Passionfruit Plastic Bottle 2000 ml"
460,11335,Starbucks Signature Chocolate Cup 220 ml
461,11346,Starbucks Caramel Macchiato Cup 220 ml
462,11348,Starbucks Cappuccino Cup 220 ml
463,11312,Rubicon Spring Lemon Lime Plastic Bottle 500 ml
464,11349,Rockstar Super Sours Energy Drink Bubbleburst High Caffeine Sleek Can 500 ml
465,11310,Ribena Very Berry Plastic Bottle 500 ml
466,11327,Pepsi Max Glass Bottle 330 ml
467,11325,Pepsi Diet Glass Bottle 330 ml
468,11315,Lucozade Zero Original Plastic Bottle 380 ml
469,11314,Lucozade Zero Orange Plastic Bottle 380 ml
470,11309,Lucozade Sport Raspberry Plastic Bottle 500 ml
471,11308,Lucozade Sport Low Cal Orange Plastic Bottle 500 ml
472,11307,Lucozade Sport Low Cal Lemon And Lime Plastic Bottle 500 ml
473,11306,Lucozade Sport Lemon And Lime Plastic Bottle 500 ml
474,11305,Lucozade Sport Fruit Punch Special Edition Plastic Bottle 500 ml
475,11304,Lucozade Sport Caribbean Burst Plastic Bottle 500 ml
476,11303,Lucozade Sport Brazilian Guava Plastic Bottle 500 ml
477,11324,Lucozade Sport Mango And Passion Fruit Plastic Bottle 500 ml
478,11299,Lucozade Energy Wild Cherry Plastic Bottle 380 ml
479,11283,Lucozade Energy The Brazilian Mango Mandarin Plastic Bottle 380 ml
480,11295,Lucozade Energy Pink Lemonade Sleek Can 250 ml
481,10869,Lucozade Energy Pink Lemonade Plastic Bottle 500 ml
482,11296,Lucozade Energy Pink Lemonade Plastic Bottle 380 ml
483,11293,Lucozade Energy Pineapple Plastic Bottle 380 ml
484,11287,Lucozade Energy Original Sleek Can 250 ml
485,11290,Lucozade Energy Original Plastic Bottle 380 ml
486,11292,Lucozade Energy Original Plastic Bottle 1000 ml
487,11291,Lucozade Energy Orange Sleek Can 250 ml
488,11326,Lucozade Energy Orange Plastic Bottle 380 ml
489,11311,Lucozade Energy Orange Plastic Bottle 1000 ml
490,11277,Lucozade Energy Cherry Plastic Bottle 380 ml
491,11256,Lucozade Energy Caribbean Crush Plastic Bottle 380 ml
492,11246,Lucozade Energy Apple Blast Plastic Bottle 380 ml
493,11244,Lipton Ice Tea Peach Plastic Bottle 1500 ml
494,11238,Lipton Ice Tea Mango Plastic Bottle 500 ml
495,11236,Lipton Ice Tea Mango Plastic Bottle 1500 ml
496,11313,Lipton Ice Tea Lemon Can 330 ml
497,11333,Lipton Green Ice Tea Plastic Bottle 1500 ml
498,11334,Lipton Green Ice Tea Mint Lime Plastic Bottle 1500 ml
499,11329,Highland Spring Sparkling Plastic Bottle 1500 ml
500,11347,Fever-Tree Mediterranean Tonic Water Glass Water 500 ml
501,11343,Fever-Tree Elderflower Tonic Water Glass Bottle 200 ml
502,11332,Fanta Dragonate Plastic Bottle 500 ml
503,11302,Volvic Touch Of Fruit Sugar Free Watermelon Plastic Bottle 500 ml
504,11301,Volvic Touch Of Fruit Sugar Free Watermelon Plastic Bottle 1500 ml
505,11300,Volvic Touch Of Fruit Strawberry Sugar Free Plastic Bottle 1500 ml
506,11219,Tropicana Smooth Orange Plastic Bottle 250 ml
507,11220,Tropicana Original Orange With Juicy Bits Tetra 950 ml
508,11221,Tropicana Orange With Bits Plastic Bottle 250 ml
509,11222,Tropicana Orange And Mango Tetra 850 ml
510,11225,Tropicana Orange And Mango Plastic Bottle 300 ml
511,11223,Tropicana Multivitamins Plastic Bottle 300 ml
512,11224,Tropicana Essentials Berry Boost Plastic Bottle 750 ml
513,11227,Tropical Sun Premium Aloe Vera Drink Plastic Bottle 1500 ml
514,11234,Tropical Sun Coconut Water Tetra 1000 ml
515,11228,Tropical Sun Coconut Water Drink Sleek Can 520 ml
516,11226,Tropical Sun Coconut Water Drink Can 330 ml
517,11230,Tropical Sun Aloe Vera Strawberry Plastic Bottle 500 ml
518,11229,Tropical Sun Aloe Vera Strawberry Plastic Bottle 1500 ml
519,11231,Tropical Sun Aloe Vera Pomegranate Plastic Bottle 1500 ml
520,11233,Tropical Sun Aloe Vera Blueberry Plastic Bottle 500 ml
521,11232,Tropical Sun Aloe Vera Blueberry Plastic Bottle 1500 ml
522,11248,Tango Tropical Sugar Free Plastic Bottle 500 ml
523,11237,Tango Strawberry Watermelon Sugar Free Plastic Bottle 500 ml
524,11249,Tango Orange Original Plastic Bottle 1500 ml
525,11247,Tango Cherry Can 330 ml
526,11251,Tango Apple Can 330 ml
527,11254,Starbucks Skinny Latte No Added Sugar Cup 220 ml
528,11252,Starbucks Frappuccino Mocha Plastic Bottle 250 ml
529,11258,Starbucks Frappuccino Coffee Plastic Bottle 250 ml
530,11253,Starbucks Frappuccino Coffee Glass Bottle 250 ml
531,11257,Starbucks Doubleshot Espresso Milk No Added Sugar Can 200 ml
532,11255,Starbucks Doubleshot Espresso Black Can 200 ml
533,11259,Starbucks Caffe Latte Cup 220 ml
534,11260,Rubicon Sunexotic Tropical Fruit Tetra 288 ml
535,11261,Rubicon Sunexotic Tropical Fruit Tetra 1000 ml
536,11263,Rubicon Street Drinks Sharbat Can 330 ml
537,11262,Rubicon Street Drinks Nimbu Pani Can 330 ml
538,11264,Rubicon Street Drinks Bissap Can 330 ml
539,11265,Rubicon Street Drinks Agua Fresca Can 330 ml
540,11267,Rubicon Spring Orange And Mango Plastic Bottle 500 ml
541,11268,Rubicon Spring Black Cherry Raspberry Plastic Bottle 500 ml
542,11269,Rubicon Sparkling Passion Plastic Bottle 500 ml
543,11276,Rubicon Sparkling Passion Plastic Bottle 2000 ml
544,11270,Rubicon Sparkling Mango Plastic Bottle 2000 ml
545,11271,Rubicon Passion Tetra 288 ml
546,11278,Rubicon Mango Tetra 288 ml
547,11272,Rubicon Mango Tetra 1000 ml
548,11273,Rubicon Lychee Tetra 288 ml
549,11274,Rubicon Lychee Tetra 1000 ml
550,11266,Rubicon Guava Tetra 1000 ml
551,11275,Rubicon Deluxe Guanabana Tetra 1000 ml
552,11281,Rockstar Zero Sugar Killer Citrus Energy Drink Sleek Can 500 ml
553,11286,Rockstar Twister Smashed Blue Raspberry Sleek Can 500 ml
554,11288,Rockstar Tropical Guava Energy Drink Sleek Can 500 ml
555,11280,Rockstar Super Sours Energy Blue Raspberry Sleek Can 500 ml
556,11284,Rockstar First Start Energy Orange Clementine Sleek Can 500 ml
557,11282,Rockstar First Start Energy Mixed Berries Sleek Can 500 ml
558,11285,Rockstar First Start Energy Guava Pineapple Sleek Can 500 ml
559,11294,Ribena Strawberry Plastic Bottle 500 ml
560,11239,Ribena Mango And Lime Plastic Bottle 500 ml
561,11289,Red Bull The Tropical Edition Energy Drink Sleek Can 250 ml
562,11298,Pepsi Plastic Bottle 600 ml
563,11297,Pepsi Cherry Vanilla Can 335 ml
564,11235,Grace Tropical Rhythms Sorrel Ginger Glass Bottle 475 ml
565,11242,Frutti Fresh Grapefruit Plastic Bottle 500 ml
566,11240,Buxton Still Natural Mineral Water Plastic Bottle 750 ml
567,11241,Buxton Still Natural Mineral Water Plastic Bottle 1500 ml
568,11250,Buxton Still Natural Mineral Water Plastic Bottle 1000 ml
569,11243,Buxton Sparkling Natural Mineral Water Plastic Bottle 500 ml
570,11128,Volvic Touch Of Fruit Lemon And Lime Plastic Bottle 500 ml
571,11178,Volvic Touch Of Fruit Summer Fruits Plastic Bottle 1500 ml
572,11154,Volvic Touch Of Fruit Strawberry Sugar Free Plastic Bottle 750 ml
573,11124,Volvic Touch Of Fruit Strawberry Plastic Bottle 750 ml
574,11146,Volvic Touch Of Fruit Sparking Strawberry And Raspberry Flavor Plastic Bottle 500 ml
575,11134,Volvic Touch Of Fruit Sparking Lemon And Lime Plastic Bottle 500 ml
576,11157,Volvic Touch Of Fruit Rhubarb Sugar Free Plastic Bottle 750 ml
577,11160,Volvic Touch Of Fruit Orange And Peach Plastic Bottle 500 ml
578,11161,Volvic Touch Of Fruit Orange And Peach Plastic Bottle 1500 ml
579,11163,Volvic Touch Of Fruit Lemon And Lime Sugar Free Plastic Bottle 1500 ml
580,11142,Volvic Touch Of Fruit Lemon And Lime Plastic Bottle 1500 ml
581,11183,Volvic Touch Of Fruit Cherry Plastic Bottle 1500 ml
582,11127,Volvic Sparkling Water Plastic Bottle 1500 ml
583,11126,Volvic Sparking Plastic Bottle 1500 ml
584,11121,Volvic Natural Mineral Water Plastic Bottle 750 ml
585,11114,Volvic Natural Mineral Water Plastic Bottle 500 ml
586,11111,Volvic Natural Mineral Water Plastic Bottle 1500 ml
587,11181,Volvic Juicy Orange Plastic Bottle 500 ml
588,11186,Vita Lemon Tea Tetra 250 ml
589,11191,Vita Coco Coconut Water With Peach And Mango Tetra 500 ml
590,11194,Vita Coco Coconut Water Tetra 330 ml
591,11192,Vita Coco Coconut Water Tetra 1000 ml
592,11199,"Vimto Still Remix Watermelon,Strawberry And Peach Plastic Bottle 500 ml"
593,11198,"Vimto Still Remix Raspberry,Orange And Passionfruit Plastic Bottle 500 ml"
594,11215,"Vimto Still Remix Mango,Strawberry And Pineapple Plastic Bottle 500 ml"
595,11196,Vimto Still Plastic Bottle 500 ml
596,11204,Vimto Fizzy Zero Can 330 ml
597,11216,"Vimto Fizzy Remix Watermelon,Strawberry And Peach Plastic Bottle 500 ml"
598,11208,"Vimto Fizzy Remix Watermelon,Strawberry And Peach Plastic Bottle 2000 ml"
599,11206,"Vimto Fizzy Remix Watermelon,Strawberry And Peach Can 330 ml"
600,11209,"Vimto Fizzy Remix Mango,Strawberry And Pineapple Plastic Bottle 500 ml"
601,11214,Vimto Fizzy Plastic Bottle 500 ml
602,11202,Vimto Fizzy Plastic Bottle 250 ml
603,11212,Vimto Fizzy Plastic Bottle 2000 ml
604,11211,Vimto Fizzy Can 330 ml
605,11117,Sprite Plastic Bottle 2500 ml
606,11200,Robinsons Fruit Shoot Apple And Blackcurrant Plastic Bottle 200 ml
607,11122,Lucozade Energy Brazilian Mango And Mandarin Plastic Bottle 500 ml
608,11210,Innocent Tropical Juice Glass Bottle 900 ml
609,11218,Innocent Smooth Orange Glass Bottle 1350 ml
610,11217,Innocent Orange With Bits Glass Bottle 1350 ml
611,11207,IRN-BRU Xtra Original And Best Can 330 ml
612,11213,IRN-BRU Sugar Free Plastic Bottle 500 ml
613,11205,Highland Spring Still Spring Water Plastic Bottle 1500 ml
614,11203,Highland Spring Still Spring Water Glass Bottle 1000 ml
615,11197,Evian Natural Spring Water Plastic Bottle 1500 ml
616,11151,Evian Eau Natural Mineral Water Plastic Bottle 750 ml
617,11149,Evian Eau Natural Mineral Water Plastic Bottle 500 ml
618,11195,Evian Eau Natural Mineral Water Plastic Bottle 1500 ml
619,11190,Euro Shopper Tropical Juice Drink Tetra 1000 ml
620,11167,Euro Shopper Summer Fruits Juice Drink Plastic Bottle 500 ml
621,11189,Euro Shopper Sport Isotonic Hydration Tropical Berry Plastic Bottle 500 ml
622,11187,Euro Shopper Sport Isotonic Hydration Berries Plastic Bottle 500 ml
623,11185,Euro Shopper Protein Shake Strawberry Flavour Plastic Bottle 330 ml
624,11184,Euro Shopper Original Sugar Free Drink Sleek Can 250 ml
625,11182,Euro Shopper Original Energy Drink Plastic Bottle 1000 ml
626,11179,Euro Shopper Orangeade Sleek Can 250 ml
627,11177,Euro Shopper Orange Juice From Concentrate Tetra 200 ml
628,11176,Euro Shopper Mango Juice Drink Tetra 1000 ml
629,11175,Euro Shopper Lemonade Sleek Can 250 ml
630,11173,Euro Shopper Glucose Sparkling Orange Plastic Bottle 380 ml
631,11172,Euro Shopper Glucose Sparkling Cherry Plastic Bottle 380 ml
632,11169,Euro Shopper Cranberry Juice Drink Tetra 1000 ml
633,11193,Euro Shopper Cola Sleek Can 250 ml
634,11165,Euro Shopper Citrus Juice Drink Plastic Bottle 500 ml
635,11168,Euro Shopper Blackcurrant Juice Drink With Sweeteners Tetra 200 ml
636,11171,Euro Shopper Berries Energy Drink Sleek Can 250 ml
637,11152,Euro Shopper Apple Juice From Concentrate Tetra 1000 ml
638,11164,Pepsi Diet Plastic Bottle 600 ml
639,11115,Capri-Sun Tropical Pouch 200 ml
640,11116,Capri-Sun Summer Berries Pouch 200 ml
641,11148,Boost Sport Tropical Berry Plastic Bottle 500 ml
642,11147,Boost Sport Orange Plastic Bottle 500 ml
643,11144,Boost Sport Mixed Berry Plastic Bottle 500 ml
644,11143,Boost Sport Citrus Plastic Bottle 500 ml
645,11174,Boost Energy Sugar Free Original Plastic Bottle 500 ml
646,11166,Boost Energy Sugar Free Original Can 250 ml
647,11158,Boost Energy Sugar Free Original Plastic Bottle 1000 ml
648,11162,Boost Energy Exotic Fruits Plastic Bottle 1000 ml
649,11141,Boost Energy Red Berry Can 250 ml
650,11139,Boost Energy Punch Power Can 250 ml
651,11159,Boost Energy Original Plastic Bottle 500 ml
652,11131,Boost Energy Original Plastic Bottle 1000 ml
653,11150,Boost Energy Exotic Fruit Plastic Bottle 500 ml
654,11138,Boost Energy Exotic Fruit Can 250 ml
655,11133,Boost Energy Citrus Zing Can 250 ml
656,11132,Boost Energy Cherry Burst Can 250 ml
657,11123,"7Up Lemon,Lime And Bubbles Plastic Bottle 2250 ml"
658,11112,"7Up Lemon,Lime And Bubbles Plastic Bottle 2000 ml"
659,11119,"7Up Lemon,Lime And Bubbles Plastic Bottle 1500 ml"
660,11136,"7Up Lemon,Lime And Bubbles Can 330 ml"
661,11201,7Up Free Sleek Can 330 ml
662,11113,7Up Free Plastic Bottle 600 ml
663,11129,7Up Free Plastic Bottle 500 ml
664,11118,7Up Free Plastic Bottle 2000 ml
665,11120,7Up Free Can 330 ml
666,11140,7Up Cherry Can 330 ml
667,11049,Tango Orange Plastic Bottle 600 ml
668,11050,Tango Cherry Plastic Bottle 500 ml
669,11051,Tango Apple Original Can 330 ml
670,11087,Sprite No Sugar Lemon Lime And Cucumber Great Taste Can 330 ml
671,11086,Sprite No Sugar Great Taste Can 330 ml
672,11083,Sprite Lower Sugar Great Taste Plastic Bottle 500 ml
673,11089,Sprite Lower Sugar Great Taste Plastic Bottle 2000 ml
674,11084,Sprite Lower Sugar Great Taste Can 330 ml
675,11099,Sprite Konkretnie Orzezwiajacy Can 200 ml
676,11063,Sprite Glass Bottle 330 ml 
677,11060,Sprite Cranberry Can 355 ml
678,11107,Sprite Cherry Can 355 ml
679,11055,Schweppes Slimline Lemonade Can 330 ml
680,11054,Schweppes Indian Tonic Water Plastic Bottle 1000 ml
681,11053,Schweppes Indian Tonic Water Can 150 ml
682,11064,Schweppes Glass Bottle 300 ml 
683,11078,Schweppes Cream Soda Can 330 ml
684,11080,Monster Zero Sugar Energy Ultra Paradise Sleek Can 500 ml
685,11079,Monster Zero Sugar Energy Ultra Blue Sleek Can 500 ml
686,11045,Monster Ripper Juiced Energy Juice Sleek Can 500 ml
687,11057,Monster Rehab Tea Lemonade Energy Sleek Can 500 ml
688,11065,Monster Mixxd Punch Energy Sleek Can 500 ml
689,11076,Monster Lewis Hamilton Energy Sleek Can 500 ml
690,11062,Monster Khaos Energy Sleek Can 500 ml
691,11088,Fuze Tea Black Ice Tea Peach Hibiscus Plastic Bottle 1500 ml
692,11094,Fanta Zero Added Sugar Lemon Plastic Bottle 500 ml
693,11097,Fanta White Peach And Mangosteen Plastic Bottle 500 ml
694,11058,Fanta Toronja Grape Fruit Can 355 ml
695,11059,Fanta Strawberry Kiwi Can 330 ml
696,11095,Fanta Rpywa Plastic Bottle 500 ml
697,11046,Fanta Peach Can 355 ml
698,11100,Fanta Mangogo Plastic Bottle 500 ml
699,11074,Fanta Madness Cu Suc De Struguri Sleek Can 330 ml
700,11068,Fanta Madness Cu Suc De Struguri Plastic Bottle 500 ml
701,11071,Fanta Madness Cu Suc De Struguri Plastic Bottle 2500 ml
702,11070,Fanta Madness Cu Suc De Struguri Plastic Bottle 2000 ml
703,11069,Fanta Madness Cu Suc De Struguri Plastic Bottle 1250 ml
704,11104,Fanta Great Taste Sparkling Grape Flavoured Drink Sleek Can 300 ml
705,11096,Fanta Bilé Hrozno Plastic Bottle 500 ml
706,11093,Dr Pepper Vanilla Float Naturally And Artificially Flavored Can 355 ml
707,11092,Dr Pepper Vanilla Float Naturally And Artificially Flavored Always One Of A Kind Can 355 ml
708,11098,Dr Pepper Ten Io Bold Tasting Calories Can 355 ml
709,11072,Dr Pepper Cherry Can 355 ml
710,11048,Diet Coke No Sugar No Calories Plastic Bottle 1500 ml
711,11106,Diet Coke No Sugar No Calories Glass Bottle 250 ml
712,11056,Coca Cola Zero Sugar Plastic Bottle 355 ml
713,11047,Coca Cola Zero Sugar Cherry Plastic Bottle 1750 ml
714,11110,Coca Cola Plastic Bottle 2250 ml
715,11102,Coca Cola Plastic Bottle 1750 ml
716,11081,Coca Cola Plastic Bottle 1250 ml
717,11109,Coca Cola Plastic Bottle 1000 ml
718,11090,Coca Cola Lime Zero Zahar Plastic Bottle 2000 ml
719,11101,Coca Cola Lime Sleek Can 330 ml
720,11091,Coca Cola Lime Plastic Bottle 2000 ml
721,11108,Coca Cola Gust Original Plastic Bottle 2500 ml
722,11077,Coca Cola Classic Cherry Plastic Bottle 500 ml
723,11103,Coca Cola Can 250 ml
724,11014,Sprite Zero Glass Bottle 330 ml
725,11017,Oasis Zero Summer Fruits Plastic Bottle 500 ml
726,11042,Fuze Tea Black Ice Tea Peach Hibiscus Plastic Bottle 500 ml
727,11020,Frutti Fresh Orange Plastic Bottle 2000 ml
728,11032,Fanta Zero Added Sugar Grape Can 330 ml
729,11029,Fanta Shokata Sleek Can 330 ml
730,11027,Fanta Shokata Plastic Bottle 500 ml
731,11028,Fanta Shokata Plastic Bottle 1750 ml
732,11031,Fanta Orange Plastic Bottle 1500 ml
733,11030,Fanta Malinna Plastic Bottle 500 ml
734,11022,Fanta Exotic Can 330 ml
735,11018,Dr Pepper Cherry Vanilla Can 355 ml
736,11041,Diet Coke Exotic Mango Sleek Can 250 ml
737,11012,Coca Cola Zero Sugar Vanilla Plastic Bottle 2000 ml
738,11038,Coca Cola Zero Sugar Vanilla Plastic Bottle 1750 ml
739,11013,Coca Cola Zero Sugar Peach Can 330 ml
740,11033,Coca Cola Zero Sugar No Calories Sleek Can 200 ml
741,11044,Coca Cola Zero Sugar No Calories Plastic Bottle 1750 ml
742,11035,Coca Cola Zero Sugar Cinnamon Plastic Bottle 500 ml
743,11011,Coca Cola Zero Sugar Can 330 ml
744,11039,Coca Cola Vanilla Can 355 ml
745,11015,Coca Cola Light Taste No Calories Can 330 ml
746,11034,Coca Cola Classic Cherry Plastic Bottle 1750 ml
747,11037,Coca Cola Classic Cherry Plastic Bottle 1500 ml
748,11009,Volvic Touch Of Fruit Strawberry Plastic Bottle 500 ml
749,11008,Tango Orange Plastic Bottle 500 ml
750,11006,Tango Orange Original Plastic Bottle 2000 ml
751,11007,Tango Orange Can 330 ml
752,11001,Sprite Zero Plastic Bottle 500 ml
753,11000,Sprite Zero Plastic Bottle 2000 ml
754,11003,Sprite Sin Azucar Can 330 ml
755,10968,Schweppes Tonic Water Plastic Bottle 1000 ml
756,10981,Schweppes Tonic Water Glass Bottle 200 ml
757,10976,Schweppes Tomato Juice Mix Glass Bottle 125 ml
758,10982,Schweppes Soda Water Glass Bottle 200 ml
759,10980,Schweppes Slimline Tonic Water Glass Bottle 200 ml
760,10969,Schweppes Slimline Tonic Plastic Bottle 1000 ml
761,10985,Schweppes Slimline Lemonade Plastic Bottle 2000 ml
762,10972,Schweppes Slimline Indian Tonic Water Glass Bottle 125 ml
763,10971,Schweppes Slimline Ginger Ale Plastic Bottle 1000 ml
764,10975,Schweppes Pineapple Juice Glass Bottle 125 ml
765,10979,Schweppes Orange Juice Glass Bottle 200 ml
766,10974,Schweppes Orange Juice Glass Bottle 125 ml
767,10988,Schweppes Lime Cordial Plastic Bottle 1000 ml
768,10986,Schweppes Lemonade Plastic Bottle 2000 ml
769,10978,Schweppes Lemonade Glass Bottle 200 ml
770,10973,Schweppes Lemonade Glass Bottle 125 ml
771,10990,Schweppes Lemonade Can 330 ml
772,10983,Schweppes Ginger Ale Plastic Bottle 1000 ml
773,10967,Schweppes Canada Dry Ginger Ale Glass Bottle 200 ml
774,10966,Schweppes Canada Dry Ginger Ale Glass Bottle 125 ml
775,10987,Schweppes Blackcurrant Cordial Plastic Bottle 1000 ml
776,10977,Schweppes Bitter Lemon Glass Bottle 200 ml
777,10989,Schweppes Bitter Lemon Can 150 ml
778,10963,Schweppes Abbey Well Still Mineral Water Plastic Bottle 750 ml
779,10964,Schweppes Abbey Well Still Mineral Water Plastic Bottle 500 ml
780,10965,Schweppes Abbey Well Sparkling Water Plastic Bottle 500 ml
781,10993,Schweppes 1783 Salty Lemon Tonic Water Glass Bottle 200 ml
782,10992,Schweppes 1783 Quenching Cucumber Tonic Water Glass Bottle 200 ml
783,10994,Schweppes 1783 Muscavado Dark Spirit Mixer Glass Bottle 200 ml
784,10991,Schweppes 1783 Light Tonic Water Glass Bottle 200 ml
785,10995,Schweppes 1783 Golden Ginger Ale Glass Bottle 200 ml
786,10996,Schweppes 1783 Crisp Tonic Water Glass Bottle 200 ml
787,10960,Savse Super Red Plastic Bottle 250 ml
788,10961,Savse Super Purple Plastic Bottle 250 ml
789,10959,Savse Super Orange Plastic Bottle 250 ml
790,10958,Savse Super Green Plastic Bottle 250 ml
791,10962,Savse Super Blue Plastic Bottle 250 ml
792,10952,Rubicon Sparkling Passion Fruit Plastic Bottle 500 ml
793,10956,Rubicon Sparkling Passion Fruit Can 330 ml
794,10953,Rubicon Sparkling Mango Plastic Bottle 500 ml
795,10957,Rubicon Sparkling Mango Can 330 ml
796,10951,Rubicon Sparkling Lychee Plastic Bottle 500 ml
797,10955,Rubicon Sparkling Lychee Can 330 ml
798,10950,Rubicon Sparkling Guava Plastic Bottle 500 ml
799,10954,Rubicon Sparkling Guava Can 330 ml
800,10949,Rose's Lime Juice Plastic Bottle 1000 ml
801,10948,Rockstar Fruit Punch Energy Drink Sleek Can 500 ml
802,10946,Rockstar Energy Drink Sleek Can 500 ml
803,10944,Ribena Blackcurrant Plastic Bottle 500 ml
804,10945,Ribena Blackcurrant Light Plastic Bottle 500 ml
805,10943,Ribena Blackcurrant & Strawberry Plastic Bottle 500 ml
806,10939,Relentless Zero Energy Drink SleekCan 500 ml
807,10941,Relentless Passion Punch Drink Sleek Can 500 ml
808,10937,Relentless Origin Ultra Stimulation Drink Sleek Can 500 ml
809,10942,Relentless Mango Drink Sleek Can 500 ml
810,10938,Relentless Lemon Ice Energy Drink Sleek Can 500 ml
811,10940,Relentless Cherry Energy Drink Sleek Can 500 ml
812,10933,Red Bull Sugar Free Sleek Can 473 ml
813,10935,Red Bull Sugar Free Sleek Can 355 ml
814,10932,Red Bull Sugar Free Sleek Can 250 ml
815,10936,Red Bull Energy Drink Sleek Can 473 ml
816,10934,Red Bull Energy Drink Sleek Can 355 ml
817,10931,Red Bull Energy Drink Sleek Can 250 ml
818,10930,Powerade Berry & Tropical Plastic Bottle 500 ml
819,10907,Pepsi Plastic Bottle 500 ml
820,10909,Pepsi Plastic Bottle 2000 ml
821,10911,Pepsi Plastic Bottle 1500 ml
822,10929,Pepsi Max Raspberry Plastic Bottle 600 ml
823,10920,Pepsi Max Raspberry Plastic Bottle 500 ml
824,10927,Pepsi Max Raspberry Plastic Bottle 1500 ml
825,10926,Pepsi Max Raspberry Can 330 ml
826,10910,Pepsi Max Plastic Bottle 600 ml
827,10905,Pepsi Max Plastic Bottle 500 ml
828,10914,Pepsi Max Plastic Bottle 2000 ml
829,10918,Pepsi Max Plastic Bottle 1250 ml
830,10908,Pepsi Max Ginger Plastic Bottle 500 ml
831,10928,Pepsi Max Ginger Plastic Bottle 1250 ml
832,10925,Pepsi Max Ginger Can 330 ml
833,10917,Pepsi Max Cherry Plastic Bottle 500 ml
834,10915,Pepsi Max Cherry Plastic Bottle 2000 ml
835,10919,Pepsi Max Cherry Plastic Bottle 1250 ml
836,10922,Pepsi Max Cherry Can 330 ml
837,10921,Pepsi Max Can 330 ml
838,10916,Pepsi Max Cherry Plastic Bottle 600 ml
839,10913,Pepsi Diet Plastic Bottle 2000 ml
840,10912,Pepsi Diet Plastic Bottle 1500 ml
841,10924,Pepsi Diet Can 330 ml
842,10923,Pepsi Can 330 ml
843,10900,Oasis Zero Citrus Punch Plastic Bottle 500 ml
844,10897,Oasis Summer Fruits Plastic Bottle 500 ml
845,10895,Oasis Light Summer Fruits Plastic Bottle 500 ml
846,10902,Oasis Kiwi Apple Sour Plastic Bottle 500 ml
847,10898,Oasis Citrus Punch Plastic Bottle 500 ml
848,10899,Oasis Citrus Punch Plastic Bottle 1500 ml
849,10896,Oasis Blackcurrant Apple Plastic Bottle 500 ml
850,10904,Oasis Aquashock Zero Spicy Raspberry Plastic Bottle 500 ml
851,10903,Oasis Aquashock Zero Chilled Cherry Plastic Bottle 500 ml
852,10901,Oasis Apple Cherry Sour Plastic Bottle 500 ml
853,10894,Nestea Te Negro Limon Can 330 ml
854,10888,Monster Pipeline Punch Sleek Can 500 ml
855,10879,Monster Mega Energy Sleek Can 553 ml
856,10890,Monster Mango Loco Energy Juice Sleek Can 500 ml
857,10875,Monster Hydro Tropical Thunder Plastic Bottle 550 ml
858,10873,Monster Hydro Mean Green Plastic Bottle 550 ml
859,10874,Monster Hydro Manic Melon Plastic Bottle 550 ml
860,10892,Monster Vanilla Espresso Sleek Can 250 ml
861,10891,Monster Espresso Cream Sleek Can 250 ml
862,10887,Monster Energy Ultra Violet Sleek Can 500 ml
863,10882,Monster Energy Ultra Sunrise Sleek Can 500 ml
864,10880,Monster Energy Ultra Sleek Can 500 ml
865,10883,Monster Energy Ultra Sleek Can 355 ml
866,10881,Monster Energy Ultra Red Sleek Can 500 ml
867,10885,Monster Energy Ultra Citron Sleek Can 500 ml
868,10878,Monster Energy The Doctor Sleek Can 500 ml
869,10889,Monster Energy Original Sleek Can 500 ml
870,10893,Monster Energy Original Sleek Can 440 ml
871,10884,Monster Energy Export Sleek Can 355 ml
872,10877,Monster Assault Energy Sleek Can 500 ml
873,10872,Monster Absolute Zero Energy Drink Sleek Can 500 ml
874,10871,Lucozade Zero Pink Lemonade Plastic Bottle 500 ml
875,10870,Lucozade Zero Orange Plastic Bottle 500 ml
876,10868,Lucozade Sport Orange Plastic Bottle 500 ml
877,10866,Lucozade Energy Original Plastic Bottle 500 ml
878,10867,Lucozade Energy Orange Plastic Bottle 500 ml
879,10863,Lipton Ice Tea Raspberry Plastic Bottle 500 ml
880,10865,Lipton Ice Tea Peach Plastic Bottle 500 ml
881,10864,Lipton Ice Tea Lemon Plastic Bottle 500 ml
882,10862,Lilt Zero Pineapple & Grapefruit Plastic Bottle 500 ml
883,10861,Lilt Zero Pineapple & Grapefruit Plastic Bottle 2000 ml
884,10860,Lilt Zero Pineapple & Grapefruit Can 330 ml
885,10857,Lilt Pineapple & Grapefruit Plastic Bottle 500 ml
886,10858,Lilt Pineapple & Grapefruit Plastic Bottle 2000 ml
887,10859,Lilt Pineapple & Grapefruit Can 330 ml
888,10855,Kia Ora Orange Palstic Bottle 1500 ml
889,10856,Kia Ora Mixed Fruit Plastic Bottle 1500 ml
890,10852,Honest Organic Lemonade Pink Lemonade Glass Bottle 330 ml
891,10851,Honest Organic Lemonade Classic Lemonade Glass Bottle 330 ml
892,10849,Honest Organic Kids Twisted Tropical Punch Plastic Bottle 200 ml
893,10848,Honest Organic Kids Berry Berry Good Plastic Bottle 200 ml
894,10850,Honest Organic Kids Applely Ever After Plastic Bottle 200 ml
895,10854,Honest Organic Coffee Mocha Plastic Bottle 240 ml
896,10853,Honest Organic Coffee Latte Plastic Bottle 240 ml
897,10847,Glaceau Vitaminwater XXX Pomegranate Acai & BlueBerry Plastic Bottle 500 ml
898,10845,Glaceau Vitaminwater Power-C Dragonfruit Plastic Bottle 500 ml
899,10844,Glaceau Vitaminwater Multi-V Zero Lemonade Plastic Bottle 500 ml
900,10846,Glaceau Vitaminwater Multi-V Lemon Plastic Bottle 500 ml
901,10837,Glaceau Vitaminwater Defence Raspberry & Apple Plastic Bottle 500 ml
902,10839,Glaceau Smartwater Sparkling Plastic Bottle 600 ml
903,10843,Glaceau Smartwater Sparkling Lemon Plastic Bottle 600 ml
904,10842,Glaceau Smartwater Sparkling Green Apple Plastic Bottle 600 ml
905,10841,Glaceau Smartwater Sparkling Berry & Kiwi Plastic Bottle 600 ml
906,10838,Glaceau Smartwater Plastic Bottle 850 ml
907,10840,Glaceau Smartwater Plastic Bottle 600 ml
908,10835,Fuze Tea Peach Hibiscus Plastic Bottle 400 ml
909,10836,Fuze Tea Mango Chamomile Plastic Bottle 400 ml
910,10808,Fanta Zero Sugar Pink Grapefruit Plastic Bottle 500 ml
911,10827,Fanta Zero Sugar Orange Plastic Bottle 500 ml
912,10833,Fanta Zero Sugar Orange Plastic Bottle 2000 ml
913,10822,Fanta Zero Sugar Orange Can 330 ml
914,10824,Fanta Zero Sugar Fruit Twist Plastic Bottle 500 ml
915,10834,Fanta Zero Sugar Fruit Twist Plastic Bottle 2000 ml
916,11010,Fanta Zero Grape Plastic Bottle 2000 ml
917,10825,Fanta Zero Added Sugar Grape Plastic Bottle 500 ml
918,10812,Fanta Strawberry Can 355 ml
919,10813,Fanta Pineapple Can 355 ml
920,10809,Fanta Passionanas Plastic Bottle 500 ml
921,10826,Fanta Orange Plastic Bottle 500 ml
922,10831,Fanta Orange Plastic Bottle 2000 ml
923,10823,Fanta Orange Glass Bottle 330 ml
924,10811,Fanta Orange Can 330 ml
925,10817,Fanta Mango Can 355 ml
926,10828,Fanta Lemon Plastic Bottle 500 ml
927,10832,Fanta Lemon Plastic Bottle 2000 ml
928,10820,Fanta Lemon Can 330 ml
929,10819,Fanta Green Apple Can 355 ml
930,10810,Fanta Grape Can 355 ml
931,10829,Fanta Fruit Twist Plastic Bottle 500 ml
932,10830,Fanta Fruit Twist Plastic Bottle 2000 ml
933,10821,Fanta Fruit Twist Can 330 ml
934,10815,Fanta Fruit Punch Can 355 ml
935,10816,Fanta Cherry Can 355 ml
936,10818,Fanta Berry Can 355 ml
937,10814,Fanta Apple Can 355 ml
938,10803,Dr Pepper Zero Plastic Bottle 500 ml
939,10802,Dr Pepper Zero Plastic Bottle 2000 ml
940,10804,Dr Pepper Zero Can 330 ml
941,10806,Dr Pepper Plastic Bottle 500 ml
942,10807,Dr Pepper Plastic Bottle 2000 ml
943,10805,Dr Pepper Can 330 ml
944,10784,Diet Coke Twisted Strawberry Sleek Can 250 ml
945,10791,Diet Coke Twisted Strawberry Plastic Bottle 500 ml
946,10799,Diet Coke Twisted Strawberry Plastic Bottle 1250 ml
947,10801,Diet Coke Twisted Strawberry Can 330 ml
948,10800,Diet Coke Sleek Can 250 ml
949,10783,Diet Coke No Sugar No Calories Plastic Bottle 500 ml
950,10796,Diet Coke No Sugar No Calories Plastic Bottle 2000 ml
951,10797,Diet Coke No Sugar No Calories Plastic Bottle 1750 ml
952,10798,Diet Coke Plastic Bottle 1250 ml
953,10793,Diet Coke No Caffeine Plastic Bottle 500 ml
954,10794,Diet Coke No Caffeine Plastic Bottle 2000 ml
955,10795,Diet Coke No Caffeine Can 330 ml
956,10789,Diet Coke Glass Bottle 330 ml
957,10782,Diet Coke Glass Bottle 200 ml
958,10792,Diet Coke Fiesty Cherry Plastic Bottle 1250 ml
959,10790,Diet Coke Feisty Cherry Plastic Bottle 500 ml
960,10788,Diet Coke Feisty Cherry Can 330 ml
961,10785,Diet Coke Exotic Mango Plastic Bottle 500 ml
962,10787,Diet Coke Exotic Mango Can 330 ml
963,10786,Diet Coke Can 330 ml
964,10762,Coca Cola Zero Sugar Vanilla Plastic Bottle 500 ml
965,10768,Coca Cola Zero Sugar Vanilla Plastic Bottle 1250 ml
966,10757,Coca Cola Zero Sugar Vanilla Can 330 ml
967,10778,Coca Cola Zero Sugar Raspberry Plastic Bottle 500 ml
968,10780,Coca Cola Zero Sugar Raspberry Can 330 ml
969,10765,Coca Cola Zero Sugar Plastic Bottle 500 ml
970,10775,Coca Cola Zero Sugar Plastic Bottle 1250 ml
971,10763,Coca Cola Zero Sugar Peach Plastic Bottle 500 ml
972,10767,Coca Cola Zero Sugar Peach Plastic Bottle 1250 ml
973,10759,Coca Cola Zero Sugar Glass Bottle 330 ml
974,10777,Coca Cola Zero Sugar Cherry Plastic Bottle 500 ml
975,10776,Coca Cola Zero Sugar Cherry Plastic Bottle 1250 ml
976,10756,Coca Cola Zero Sugar Cherry Can 330 ml
977,10752,Coca Cola Zero Sleek Can 250 ml
978,10770,Coca Cola Vanilla Plastic Bottle 500 ml
979,10781,Coca Cola Sleek Can 250 ml
980,10753,Coca Cola Plus Coffee Sleek Can 250 ml
981,10761,Coca Cola Plastic Bottle 500 ml
982,10771,Coca Cola Plastic Bottle 3000 ml
983,10774,Coca Cola Plastic Bottle 2000 ml
984,10773,Coca Cola Plastic Bottle 1500 ml
985,10764,Coca Cola Light Plastic Bottle 500 ml
986,10758,Coca Cola Glass Bottle 330 ml
987,10751,Coca Cola Glass Bottle 200 ml
988,10754,Coca Cola Energy Sleek Can 250 ml
989,10755,Coca Cola Energy No Sugar Sleek Can 250 ml
990,10772,Coca Cola Cherry Plastic Bottle 500 ml
991,10769,Coca Cola Cherry Can 355 ml
992,10779,Coca Cola Classic Cherry Can 330 ml
993,10760,Coca Cola Can 330 ml
994,10747,Capri-Sun Orange Pouch 330 ml
995,10743,Capri-Sun Orange Pouch 200 ml
996,10745,Capri-Sun No Added Sugar Orange Pouch 200 ml
997,10749,Capri-Sun No Added Sugar Orange & Lemon Pouch 200 ml
998,10744,Capri-Sun Mango Pouch 200 ml
999,10746,Capri-Sun Fruit Crush Apple & Pear Pouch 200 ml
1000,10750,Capri-Sun Cherry Pouch 330 ml
1001,10748,Capri-Sun Blackcurrant Pouch 200 ml
1002,10742,Buxton Still Water Plastic Bottle 500 ml
1003,10741,Boost Energy Original Can 250 ml
1004,10736,Aquarius Zinc Lemon Plastic Bottle 800 ml
1005,10738,Aquarius Magnesium Lime Plastic Bottle 900 ml
1006,10737,Aquarius Magnesium Lime Plastic Bottle 400 ml
1007,10735,Aquarius Lemon Plastic Bottle 400 ml
1008,10739,Aquarius Hidratacion Plastic Bottle 500 ml
1009,10740,Aquarius Hidratacion Naranja Laranja Plastic Bottle 500 ml
1010,10732,Appletiser Spritzer Apple & Passion Fruit Sleek Can 250 ml
1011,10728,Appletiser Spritzer Apple & Exotic Lime Sleek Can 250 ml
1012,10731,Appletiser Spritzer Apple & Blood Orange Sleek Can 250 ml
1013,10730,Appletiser Apple Juice Glass Bottle 275 ml
1014,10734,Appletiser Apple & Pomegranate 100% Fruit Juice Drink Glass Bottle 750 ml
1015,10727,Appletiser 100% Apple Juice Lightly Sparking Sleek Can 250 ml
1016,10733,Appletiser 100% Apple Juice Gently Sparking Glass Bottle 750 ml
1017,10729,Appletiser 100% Apple Juice Gently Sparking Can 330 ml
1018,10726,Agua Mineral Natural Aquabona Plastic Bottle 500 ml
1019,10725,Agua Mineral Natural Aquabona Plastic Bottle 350 ml
1020,10723,Adez Oat Strawberry & Banana Plastic Bottle 250 ml
1021,10724,Adez Coconut Berry Plastic Bottle 250 ml
1022,10722,Adez Almond Mango & Passionfruit Plastic Bottle 250 ml
1023,11137,Boost Energy Cosmic Glow Can 250 ml
1024,11170,Volvic Touch Of Fruit Lemon And Lime Sugar Free Plastic Bottle 500 ml
1025,11316,Others
1026,11317,Volvic Touch Of Fruit Summer Fruits Sugar Free Plastic Bottle 1500 ml
1027,11318,Vimto Minis Mixed Fruit Still Juice Drink Plastic Bottle 250 ml
1028,11319,Starbucks Cappuccino Cup 100 ml
1029,11320,"Vimto Fizzy Remix Raspberry,Orange And Passsionfruit Plastic Bottle 500 ml"
1030,11321,Innocent Apple And Raspberry Juice Glass Bottle 900 ml
1031,11322,Vimto Fizzy Zero Plastic Bottle 2000 ml
1032,11328,Pepsi Glass Bottle 355 ml
1033,11330,IRN-BRU Plastic Bottle 1000
1034,11331, Capri-Sun Multi Vitamin Pouch 200 ml
1035,11341,Rubicon Spring Strawberry Kiwi Plastic Bottle 500 ml
1036,11345,Volvic Juicy Blackcurrant Plastic Bottle 500 ml
1037,11363,Capri-Sun Safari Fruits Pouch 200 ml
1038,11410,Combo_Coca Cola Can 330 ml_Colour Plastic Film 4 Can
1039,11414,Combo_Coca Cola Can 330 ml_Colour Plastic Film 10 Can
1040,11415,Combo_Fanta Orange Can 330 ml_Colour Plastic Film 6 Can
1041,11417,Capri-Sun No Added Sugar Tropical Pouch 200 ml
1042,11420,Combo_Capri-Sun Blackcurrant Pouch 200 ml_Cardboard Box 5 Pouch
1043,11422,Capri-Sun No Added Sugar Blackcurrant Pouch 200 ml
1044,11463,Combo_Glaceau Smartwater Plastic Bottle 600 ml_Colour Plastic Film 6 Plastic Bottle
1045,11469, Diet Coke No Sugar No Calories Can 330 ml
1046,11475,Combo_Glaceau Smartwater Plastic Bottle 600 ml_Colour Plastic Film 12 Plastic Bottle
1047,11478,Coca Cola Zero Can 330 ml
1048,11484,Combo_Glaceau Smartwater Sparkling Berry And Kiwi Plastic Bottle 600 ml_Colour Plastic Film 6 Plastic Bottle
1049,11574,Fanta Orange Can 355 ml
1050,11578,Highland Spring Still Spring Water Plastic Bottle 500 ml
1051,11580,Combo_Highland Spring Still Spring Water Plastic Bottle 500 ml_Colour Plastic Film 12 Plastic Bottle
1052,11582,Combo_Coca Cola Zero Sugar Glass Bottle 250 ml_Portable 6 Glass Bottle
1053,11583,Combo_Coca Cola Zero Sugar Can 330 ml_Cardboard Box 12 Can
1054,11596,Combo_Monster Absolute Zero Energy Drink Sleek Can 500 ml_Cardboard Box 4 Sleek Can
1055,11599,Combo_Diet Coke No Sugar No Calories Can 330 ml_Cardboard Box 12 Can
1056,11614,Combo_Diet Coke Sleek Can 200 ml_Cardboard Box 4 Sleek Can
1057,11615,Combo_Fever-Tree Refreshingly Light Elderflower Tonic Water Can 150 ml_Cardboard Box 8 Can
1058,11616,Combo_Fever-Tree Mediterranean Tonic Water Can 150 ml_Cardboard Box 8 Can
1059,11617,Combo_Fever-Tree Aromatic Tonic Water Can 150 ml_Cardboard Box 8 Can
1060,11644,Combo_Robinsons Fruit Shoot Hydro Blackcurrant Spring Water Drink Plastic Bottle 200 ml_Portable 8 Plastic Bottle
1061,11660,Combo_Red Bull Energy Drink Sleek Can 250 ml_Transport Box 24 Sleek Can
1062,11663,Combo_Rubicon Sparkling Mango Can 330 ml_Colour Plastic Film 18 Can
1063,11680,Coca Cola Zero Sugar Peach Plastic Bottle 1500 ml
1064,11698,Combo_Rubicon Sparkling Passion Fruit Can 330 ml_Transport Box 24 Can
1065,11702,Combo_Robinsons Fruit Shoot Summer Fruits Plastic Bottle 200 ml_Portable 4 Plastic Bottle
1066,11733,Combo_Rubicon Sparkling Mango Can 330 ml_Colour Plastic Film 8 Can
1067,11734,Combo_Red Bull Energy Drink Sleek Can 355 ml_Transport Box 12 Sleek Can
1068,11737,Combo_Monster Vanilla Espresso Sleek Can 250 ml_Transport Box 12 Sleek Can
1069,11761,Combo_Diet Coke No Sugar No Calories Plastic Bottle 1750 ml_Colour Plastic Film 2 Plastic Bottle
1070,11771,Robinsons Fruit Shoot Orange Plastic Bottle 275 ml
1071,12176,Starbucks Frappuccino Mocha Glass Bottle 250 ml
1072,12177,Lipton Ice Tea Mango Tetra 1000 ml
1073,12178,Lipton Green Ice Tea Matcha Ginger And Lemongrass Plastic Bottle 1500 ml
1074,12179,Volvic Juicy Blackcurrant Plastic Bottle 1000 ml
1075,12180,Nestea Black Tea Peach Plastic Bottle 1000 ml
1076,12181,Nestea Black Tea Peach Plastic Bottle 1250 ml
1077,12182,Robinsons Real Fruit Orange No Added Sugar Plastic Bottle 1000 ml
1078,12183,Combo_Oasis Citrus Punch Plastic Bottle 375 ml_Portable 4 Plastic Bottle
1079,12184,Oasis Citrus Punch Plastic Bottle 375 ml
1080,12185,Tropical Sun Aloe Vera Mango Plastic Bottle 500 ml
1081,12186,Tropical Sun 100% Natural Coconut Water Can 330 ml
1082,12187,Tropical Sun 100% Natural Coconut Water Sleek Can 520 ml
1083,12188,Robinsons Real Fruit Summer Fruits No Added Sugar Plastic Bottle 1000 ml
1084,12189,Combo_Coca Cola Zero Sugar No Calories Sleek Can 200 ml_Cardboard Box 6 Sleek Can
1085,12190,Tropicana Essentials Immune Support Plastic Bottle 330 ml
1086,12191,Tropicana Essentials Vitality Plastic Bottle 330 ml
1087,12192,Innocent Berry Set Go Glass Bottle 330 ml
1088,12193,Tropicana Smooth Orange With No Bits Tetra 850 ml
1089,12194,Pepsi Max Ginger Plastic Bottle 2000 ml
1090,12195,Combo_Vimto Fizzy Zero Can 330 ml_Colour Plastic Film 6 Can
1091,12196,Lucozade Energy Watermelon and Strawberry Cooler Plastic Bottle 500 ml
1092,12197,Innocent 100% Pure Coconut Water Plastic Bottle 500 ml
1093,12198,Combo_Coca Cola Plastic Bottle 1250 ml_Plastic Film 12 Plastic Bottle
1094,12199,Combo_Coca Cola Can 330 ml_Cardboard Box 18 Can
1095,12200,Euro Shopper Apple Juice From Concentrate Tetra 200 ml
1096,12201,Combo_Diet Coke No Sugar No Calories Can 330 ml_Colour Plastic Film 4 Can
1097,12202,"Vimto Squash Remix Raspberry,Orange And Passionfruit Plastic Bottle 1000 ml"
1098,12203,Pepsi Max Raspberry Plastic Bottle 2000 ml
1099,12204,Vita Coco Coconut Water Tetra 500 ml
1100,12205,Combo_Robinsons Fruit Shoot Orange Plastic Bottle 200 ml_Colour Plastic Film 12 Plastic Bottle
1101,12206,Combo_Coca Cola Energy No Sugar Sleek Can 250 ml_Transport Box 12 Sleek Can
1102,12207,Vimto Squash Plastic Bottle 2000 ml
1103,12208,Combo_Volvic Touch Of Fruit Strawberry Plastic Bottle 500 ml_Transport Box  24 Plastic Bottle
1104,12209,Robinsons Real Fruit Apple And Blackcurrant No Added Sugar Plastic Bottle 2000 ml
1105,12210,Lucozade Energy Orange Can 330 ml
1106,12211,Rubicon Mango Tetra 330 ml
1107,12212,Combo_Coca Cola Zero Sugar Cherry Can 330 ml_Colour Plastic Film 4 Can
1108,12213,Rubicon Deluxe Mango Tetra 1000 ml
1109,12214,Combo_Coca Cola Zero Sugar Peach Can 330 ml_Colour Plastic Film 4 Can
1110,12215,Combo_Dr Pepper Can 330 ml_Colour Plastic Film 4 Can
1111,12216,Rubicon Passion Tetra 1000 ml
1112,12217,Lucozade Energy Apple Blast Plastic Bottle 500 ml
1113,12218,Innocent Bolt From The Blue Glass Bottle 330 ml
1114,12219,Lucozade Energy Apple Blast Plastic Bottle 1000 ml
1115,12220,Innocent Wonder Green Glass Bottle 750 ml
1116,12221,Combo_Diet Coke No Sugar No Calories Can 150 ml_Cardboard Box 12 Can
1117,12222,"Rubicon Mango,Lime And Mint Tetra 1000 ml"
1118,12223,Combo_IRN-BRU Sugar Free Can 330 ml_Colour Plastic Film 8 Can
1119,12224,Combo_Monster Energy Ultra Citron Sleek Can 500 ml_Transport Box  12 Sleek Can
1120,12225,Combo_Monster Energy Ultra Sleek Can 500 ml_Transport Box 12 Sleek Can
1121,12226,Combo_Monster Energy Ultra Sleek Can 500 ml_Transport Box 24 Sleek Can
1122,12227,Fanta Orange Can 150 ml
1123,12228,Combo_Red Bull Energy Drink Sleek Can 250 ml_Portable 4 Sleek Can
1124,12229,Combo_Red Bull Sugar Free Sleek Can 250 ml_Cardboard Box 8 Sleek Can
1125,12230,Combo_Lucozade Sport Low Cal Orange Plastic Bottle 500 ml_Portable 4 Plastic Bottle
1126,12231,Combo_Diet Coke No Sugar No Calories Can 150 ml_Transport Box 24 Can
1127,12232,Combo_Red Bull Energy Drink Sleek Can 473 ml_Transport Box 12 Sleek Can
1128,12233,Combo_Red Bull Energy Drink Sleek Can 355 ml_Transport Box 24 Sleek Can
1129,12234,Combo_Red Bull Sugar Free Sleek Can 355 ml_Transport Box 24 Sleek Can
1130,12235,Tropical Sun 100% Natural Coconut Water Tetra 1000 ml
1131,12236,Combo_Buxton Sparkling Natural Mineral Water Plastic Bottle 1000 ml_Colour Plastic Film 6 Plastic Bottle
1132,12237,Buxton Sparkling Natural Mineral Water Plastic Bottle 1000 ml
1133,12238,Combo_Monster Absolute Zero Energy Drink Sleek Can 500 ml_Transport Box 12 Sleek Can
1134,12239,Combo_Monster Energy Ultra Violet Sleek Can 500 ml_Transport Box 24 Sleek Can
1135,12240,Combo_Starbucks Doubleshot Espresso Milk No Added Sugar Can 200 ml_Transport Box 12 Can
1136,12241,Combo_Highland Spring Sparkling Plastic Bottle 500 ml_Colour Plastic Film 8 Plastic Bottle
1137,12242,Red Bull The Orange Edition Orange Energy Drink Sleek Can 250 ml
1138,12243,Combo_Schweppes Slimline Lemonade Can 330 ml_Colour Plastic Film 6 Can
1139,12244,Combo_Coca Cola Energy Sleek Can 250 ml_Transport Box 12 Sleek Can
1140,12245,Combo_Evian Eau Natural Mineral Water Plastic Bottle 500 ml_Colour Plastic Film 6 Plastic Bottle
1141,12246,Combo_Coca Cola Plastic Bottle 1500 ml_Plastic Film 6 Plastic Bottle
1142,12247,Dr Pepper Plastic Bottle 3000 ml
1143,12248,Lucozade Energy Caribbean Crush Plastic Bottle 1000 ml
1144,12249,Combo_Vimto Still No Added Sugar Tetra 250 ml_Cardboard Box  27 Tetra
1145,12250,Combo_Capri-Sun Cherry Pouch 330 ml_Cardboard Box 15 Pouch
1146,12251,Sprite No Sugar Great Taste Plastic Bottle 2000 ml
1147,12252,Rubicon Sunexotic Pineapple And Coconut Tetra 1000 ml
