1534,东鹏特饮 Other,东鹏特饮,,
1543,战马 Other,战马,,
1552,栗子园 Other,栗子园,,
2293,美国红牛其他,美国红牛,,
542,功能性维生素饮料 Others,General,,
2069,魔爪芒果狂欢摩登罐330ml,魔爪,,
1377,魔爪超越摩登罐330,魔爪,,
541,魔爪原味摩登罐330毫升,魔爪,,
543,魔爪 Others,魔爪,,
609,红牛维生素功能饮料250ml,红牛,,
610,红牛牛磺酸强化型饮料250ml,红牛,,
611,红牛奥地利进口劲能饮料250ml,红牛,,
613,红牛 Others,红牛,,
447,混合包装 Others,混合包装,,
2357,伯朗其他,布朗先生,,
1533,星巴克 Other,星巴克,,
2628,星巴克抹茶星冰乐奶茶饮料玻璃瓶装281毫升,星巴克,,
2624,星巴克星倍醇焦香玛奇朵味罐装228毫升,星巴克,,
2625,星巴克星倍醇经典浓郁咖啡罐装228毫升,星巴克,,
2352,星巴克星倍醇经典美式咖啡罐装228毫升,星巴克,,
2353,星巴克星倍醇黑醇摩卡味咖啡罐装228毫升,星巴克,,
1702,星巴克星冰乐冷冻咖啡281毫升,星巴克,,
2354,星巴克星冰乐摩卡风味咖啡瓶281毫升,星巴克,,
2630,星巴克星冰乐香草味咖啡饮料玻璃瓶装281毫升,星巴克,,
1701,星巴克焦糖星冰乐咖啡瓶281毫升,星巴克,,
2626,星巴克红茶星冰乐奶茶饮料玻璃瓶装281毫升,星巴克,,
2631,星巴克经典巧克力饮料瓶装275毫升,星巴克,,
1523,贝纳颂 Other,贝纳颂,,
2330,雀巢咖啡冷萃拿铁风味浓咖啡饮料瓶装280毫升,雀巢咖啡,,
2333,雀巢咖啡冷萃摩卡风味浓咖啡饮料瓶装280毫升,雀巢咖啡,,
2331,雀巢咖啡冷萃美式风味无糖浓咖啡饮料瓶装280毫升,雀巢咖啡,,
1752,雀巢咖啡速溶卡布基诺咖啡罐180毫升,雀巢咖啡,,
2329,雀巢香滑咖啡罐装250毫升,雀巢咖啡,,
337,雀巢香浓咖啡罐装180ML,雀巢咖啡,,
338,雀巢特浓咖啡罐装180ML,雀巢咖啡,,
312,雀巢香滑咖啡罐装180ML,雀巢咖啡,,
811,雀巢即饮咖啡丝滑焦糖风味268ml,雀巢咖啡,,
727,雀巢（Nestle）（丝滑摩卡）咖啡瓶装268ml,雀巢咖啡,,
728,雀巢咖啡丝滑榛果风味咖啡饮料268ml,雀巢咖啡,,
311,雀巢丝滑拿铁咖啡268ml,雀巢咖啡,,
412,雀巢 Others,雀巢咖啡,,
1551,麒麟咖啡Other,麒麟咖啡,,
1698,麒麟火咖直火意式拿铁咖啡瓶440ml,麒麟咖啡,,
1697,麒麟火咖直火烘焙咖啡罐180毫升,麒麟咖啡,,
1699,麒麟火咖直火烘焙奶浓咖啡罐180毫升,麒麟咖啡,,
1696,麒麟火咖美式冰咖啡瓶440毫升,麒麟咖啡,,
436,咖啡 Others,General,,
1349,乔雅 浓香美式 咖啡 饮料 220ml,乔雅,,
1350,乔雅咖啡醇香拿铁220ml,乔雅,,
72,乔雅咖啡浓香经典拉罐180毫升,乔雅,,
74,乔雅咖啡浓香经典塑料瓶268毫升,乔雅,,
75,乔雅咖啡醇香拿铁塑料268,乔雅,,
466,乔雅咖啡焦糖玛琪多塑料268,乔雅,,
697,乔雅美式咖啡杯 340毫升,乔雅,,
698,乔雅咖啡醇香拿铁杯340毫升,乔雅,,
363,乔雅 Others,乔雅,,
1748,雅哈意大利经典咖啡瓶280毫升,统一雅哈,,
933,雅哈拿铁咖啡饮料瓶280ML,统一雅哈,,
307,统一雅哈意式醇香拿铁280ML-CS,统一雅哈,,
308,统一雅哈冰咖啡450ML,统一雅哈,,
414,统一雅哈 Others,统一雅哈,,
1706,三得利利趣拿铁咖啡瓶480毫升,三得利咖啡,,
1527,三得利咖啡 Others,三得利咖啡,,
1498,三得利蜜香暖姜瓶350毫升,三得利果汁,,
2591,三得利蜜香暖柚瓶350毫升,三得利果汁,,
2590,三得利蜜香暖橙瓶350毫升,三得利果汁,,
1497,三得利蜜香暖苹瓶350毫升,三得利果汁,,
330,三得利蜜香清柚柚子味果汁饮料450ML,三得利果汁,,
419,三得利果汁 Others,三得利果汁,,
1689,养元其他,养元,,
1558,名屋 other,名屋,,
1548,天地壹号 Other,天地壹号,,
1500,娃哈哈Hello C凤梨椰香瓶450毫升,娃哈哈果汁,,
1512,娃哈哈来一榨椰汁瓶1.5升,娃哈哈果汁,,
1805,娃哈哈果汁蜂蜜冰糖雪梨瓶450毫升,娃哈哈果汁,,
1285,娃哈哈水果和蔬菜芒果汁饮料300克,娃哈哈果汁,,
1516,娃哈哈番石榴C果汁瓶500毫升,娃哈哈果汁,,
1807,娃哈哈苹果C果汁饮料瓶1.5升,娃哈哈果汁,,
1507,娃哈哈蜜桃C瓶1.5升,娃哈哈果汁,,
1800,娃哈哈问候阳光百香风情芒果复合果汁饮品瓶500毫升,娃哈哈果汁,,
936,娃哈哈橙C橙飲料瓶1.5ML,娃哈哈果汁,,
226,娃哈哈蜂蜜冰糖雪梨梨汁饮料>=10%500ML,娃哈哈果汁,,
378,娃哈哈果汁 Others,娃哈哈果汁,,
352,娃哈哈营养果粒橙汁饮料450ML,娃哈哈果汁,,
353,娃哈哈营养果粒水蜜桃汁饮料450ML,娃哈哈果汁,,
345,娃哈哈来自意大利血橙血橙橙汁饮品450ML,娃哈哈果汁,,
350,娃哈哈HELLO-C柠檬柠檬汁饮料+蜂蜜450ML,娃哈哈果汁,,
351,娃哈哈HELLO-C西柚复合果汁饮料+蜂蜜450ML,娃哈哈果汁,,
346,娃哈哈晶莹葡萄白葡萄汁饮品500ML,娃哈哈果汁,,
347,娃哈哈橙汁饮品500ML,娃哈哈果汁,,
348,娃哈哈葡萄汁饮品500ML,娃哈哈果汁,,
349,娃哈哈水蜜桃汁饮品500ML,娃哈哈果汁,,
1529,宜芙 other,宜芙,,
1553,帕玛拉特 Other,帕玛拉特,,
2292,当西蒙其他,当西蒙其,,
1571,意文 other,意文,,
1549,果倍爽 Other,果倍爽,,
1539,果牛 Other,果牛,,
2356,梅苏其他,梅苏其他,,
1573,洋一 other,洋一,,
1567,清谷田园 other,清谷田园,,
1290,新鲜水果多彩柠檬刷新1.5l,纯果乐,,
1291,新鲜水果柠檬美味果汁500ml,纯果乐,,
1036,新鲜水果纯多彩柠檬清爽美味果汁450毫升,纯果乐,,
1035,新鲜水果纯多彩热带美味饮料果汁1.5升,纯果乐,,
1082,果缤纷 Tropicana 蜜瓜4味 (450ml),纯果乐,,
1297,水果樂趣甜和醉500毫升,纯果乐,,
1300,水果樂趣芒果黃桃味500ml,纯果乐,,
1298,水果樂趣金橙獼猴桃450毫升,纯果乐,,
1325,纯果乐果缤纷凤梨 + 柠檬 + 苹果 复合果汁饮料塑料瓶500毫升,纯果乐,,
2641,纯果乐果缤纷复合果汁橙子和猕猴桃瓶1500毫升,纯果乐,,
2640,纯果乐果缤纷复合果汁橙子和猕猴桃瓶500毫升,纯果乐,,
2290,纯果乐果缤纷荔枝椰青味瓶装500毫升,纯果乐,,
2642,纯果乐柠爽葡醉味复合果汁饮料瓶装 1.25 升+250毫升,纯果乐,,
321,纯果乐鲜果粒橙粒果汁饮料塑料瓶1250ML-CS,纯果乐,,
716,纯果乐果缤纷金橙百香果味500ml,纯果乐,,
950,纯果乐蜜桃樱桃味果汁塑料瓶 500 毫升,纯果乐,,
952,新鮮水果純淨水果500ml,纯果乐,,
320,纯果乐鲜果粒热带美味果粒果汁塑料瓶500ML-CS,纯果乐,,
418,纯果乐 Others,纯果乐,,
1535,绿杰 Other,绿杰,,
1853,芭提娅其他,芭提娅,,
1556,莱果仕 Other,莱果仕,,
1572,莱滋柠檬 other,莱滋柠檬,,
1318,雪菲力果汁 Others,雪菲力果汁,,
1313,雪菲力荔枝味复合果汁利乐包 250毫升,雪菲力果汁,,
438,果汁 Others,General,,
333,统一鲜橙多果汁饮料塑料瓶1250ML-CS,统一果汁,,
713,统一 鲜橙多 2L,统一果汁,,
788,统一果汁 Others,统一果汁,,
220,统一芒果多果汁饮料>=10%塑料瓶2000ML-CS,统一果汁,,
221,统一蜜桃多蜜桃果汁饮料≥10%塑料瓶2000ML,统一果汁,,
215,统一蜜桃多蜜桃果汁饮料≥10%砖型包装250ML,统一果汁,,
216,统一鲜橙多鲜橙果汁饮料≥10%砖型包装250ML,统一果汁,,
332,统一蜜桃多蜜桃果汁饮料塑料瓶450ML,统一果汁,,
217,统一芒果多果汁饮料>=10%塑料瓶450ML-CS,统一果汁,,
218,统一葡萄多葡萄果汁饮料>=10%塑料瓶450ML-CS,统一果汁,,
219,统一鲜橙多果汁饮料>=10%塑料瓶450ML-CS,统一果汁,,
1055,天喔茶庄 C满E 柠檬汁+西柚汁 500 毫升,天喔茶庄果汁,,
1057,天喔茶庄C满E柠檬汁+水蜜桃 500 毫升,天喔茶庄果汁,,
1059,天喔茶庄C满E柠檬汁+百香果汁500毫升,天喔茶庄果汁,,
1056,天喔茶庄C满E柠檬汁+石榴汁 500 毫升,天喔茶庄果汁,,
1058,天喔茶庄C满E柠檬汁+芒果汁500毫升,天喔茶庄果汁,,
1283,天喔茶庄C满E柠檬汁+西柚汁 500毫升,天喔茶庄果汁,,
214,天喔天喔茶庄口感清爽C满柠檬果汁饮料10%塑料瓶500ML,天喔茶庄果汁,,
376,天喔茶庄果汁 Others,天喔茶庄果汁,,
1774,美汁源果粒橙420ML,美汁源,,
1330,美汁源玫瑰风味葡萄汁饮料塑料瓶1升,美汁源,,
2071,美汁源百香果柠檬420ML,美汁源,,
686,美汁源爽粒花语槐花风味葡萄汁塑料瓶 1公升,美汁源,,
687,美汁源三重果粒橙橙汁塑料瓶 1公升,美汁源,,
688,美汁源热带果粒热带风味复合果汁塑料瓶 1公升,美汁源,,
536,美汁源 淳萃柠 复合果汁饮料1L,美汁源,,
538,美汁源淳萃橙1L,美汁源,,
99,美汁源果粒橙塑料瓶 1.25公升,美汁源,,
101,美汁源热带果粒塑料1.25L,美汁源,,
106,美汁源白葡萄塑料1.25L,美汁源,,
87,美汁源粒橙塑料1.8,美汁源,,
627,美汁源果粒橙康美包 190毫升,美汁源,,
85,美汁源果粒雪梨塑料260,美汁源,,
83,美汁源粒橙塑料260,美汁源,,
84,美汁源果粒苹果塑料260,美汁源,,
629,美汁源果粒橙塑料瓶300毫升,美汁源,,
593,美汁源果粒橙摩登罐 310毫升,美汁源,,
86,美汁源果粒橙罐装310,美汁源,,
535,美汁源淳萃柠 塑料瓶毫升350毫升,美汁源,,
537,美汁源淳萃橙汁饮料塑料瓶350毫升,美汁源,,
623,美汁源三重果粒橙橙汁塑料瓶 420ml,美汁源,,
624,美汁源爽粒花语玫瑰 塑料 420,美汁源,,
625,美汁源爽粒花语槐花 塑料 420,美汁源,,
626,美汁源热带果粒热带风味复合塑料420ml,美汁源,,
89,美汁源粒橙450,美汁源,,
90,美汁源果粒苹果塑料450,美汁源,,
100,美汁源热带果粒450,美汁源,,
102,美汁源白葡萄450ml,美汁源,,
103,美汁源芒果塑料450ml,美汁源,,
104,美汁源果粒雪梨塑料450,美汁源,,
105,美汁源爽粒红葡萄塑料450,美汁源,,
516,美汁源果粒橙瓜拉纳风味塑料瓶 450毫升,美汁源,,
88,美汁源果粒橙塑料750毫升,美汁源,,
442,美汁源 Others,美汁源,,
1275,五大湖紫葡萄汁600ml,大湖,,
1037,大湖100%苹果葡萄汁1 l,大湖,,
1038,大湖100％红葡萄汁600毫升,大湖,,
1279,大湖原味苹果汁255毫升,大湖,,
1284,大湖原汁桃1l,大湖,,
1277,大湖明亮的橙汁橙汁2l,大湖,,
1801,大湖明朗山楂果汁饮料瓶1升,大湖,,
1799,大湖明朗猕猴桃果汁饮料瓶1升,大湖,,
1274,大湖橙汁255毫升,大湖,,
1804,大湖西柚果汁饮料瓶1升,大湖,,
937,五大湖100％苹果汁瓶1L,大湖,,
939,五大湖100％橙汁1L,大湖,,
938,五大湖100％苹果汁瓶600ml,大湖,,
375,大湖 Others,大湖,,
2286,康师傅冰糖香柚瓶装500毫升,康师傅果汁,,
1047,康师傅水晶葡萄果汁瓶1升,康师傅果汁,,
1048,康师傅陈皮酸梅汁 500 ml,康师傅果汁,,
916,康師傅桃（塑料瓶）1000ML,康师傅果汁,,
927,康師傅鮮橙（塑料瓶）1000ML,康师傅果汁,,
186,康师傅冰糖雪梨梨汁果汁饮料>=10%塑料瓶1500ML-CS,康师傅果汁,,
189,康师傅鲜果橙1500ML,康师傅果汁,,
190,康师傅水蜜桃果汁饮料果汁含量>=10%塑料瓶1500ML-CS,康师傅果汁,,
191,康师傅鲜果橙2000ML,康师傅果汁,,
192,康师傅水晶葡萄果汁饮料>=10%2000ML-CS,康师傅果汁,,
193,康师傅水蜜桃汁>=10%塑料瓶2000ML-CS,康师傅果汁,,
931,康师傅冰糖雪梨（利乐包装）250毫升,康师傅果汁,,
924,康師傅桃（罐裝）310ML,康师傅果汁,,
928,康師傅冰糖悉尼（罐頭）310ML,康师傅果汁,,
930,康師傅番石榴汁（塑料瓶）450ML,康师傅果汁,,
188,康师傅水蜜桃汁>=10%塑料瓶450ML-CS,康师傅果汁,,
323,康师傅水晶葡萄450ml,康师傅果汁,,
324,康师傅鲜果橙橙水果饮料450ml,康师傅果汁,,
183,康师傅传养果荟冰糖山楂水果饮料>=5%塑料瓶500ML-CS,康师傅果汁,,
184,康师傅冰糖雪梨果汁饮料>=10%塑料瓶500ML-CS,康师傅果汁,,
236,康师傅冰糖柠檬500ml,康师傅果汁,,
185,康师傅冰糖雪梨果汁饮料果汁含量>=10%塑料瓶1l,康师傅果汁,,
434,康师傅果汁 Others,康师傅果汁,,
377,汇源奇异王果 Others,汇源奇异王果,,
234,椰树天然椰子果汁饮料砖型包装1000ML,正宗椰树,,
730,椰树 椰汁正宗椰树牌椰子汁饮料 1.25L,正宗椰树,,
232,椰树椰汁果汁饮料罐装245ML,正宗椰树,,
233,椰树天然椰子果汁饮料砖型包装245ML,正宗椰树,,
711,海南椰树牌椰汁330ml,正宗椰树,,
388,正宗椰树 Other,正宗椰树,,
229,味全每日C鲜橙果汁100%需冷藏塑料瓶300ML,味全每日 C,,
389,味全每日 C Others,味全每日 C,,
951,统一冰糖雪梨饮料1升,统一饮养四季,,
224,统一冰糖雪梨梨汁饮料>=10%塑料瓶2000ML-CS,统一饮养四季,,
222,统一冰糖雪梨果汁饮料>=10%砖型包装250ML-CS,统一饮养四季,,
334,统一冰糖金橘水果饮料塑料瓶500ML-CS,统一饮养四季,,
223,统一冰糖雪梨梨汁饮料>=10%塑料瓶500ML,统一饮养四季,,
417,统一饮养四季 Others,统一饮养四季,,
1711,农夫果园30％果汁水果混合瓶1.8升,农夫果园,,
604,农夫果园30％橙橙色Pineberry 1.8L,农夫果园,,
210,农夫果园30%混合果蔬饮料塑料瓶1800ML,农夫果园,,
211,农夫果园30%混合果蔬苹果西柚芒果橙葡萄果汁饮料塑料瓶500ML,农夫果园,,
209,农夫果园番茄+草莓+樱桃李+葡萄+黑加仑混合饮料30%塑料瓶500ML,农夫果园,,
603,农夫果园30％橙500ml,农夫果园,,
369,农夫果园 Others,农夫果园,,
328,汇源果汁果乐果汁饮料柠檬+苹果500ml,汇源果汁果乐,,
329,汇源果汁果乐果汁饮料橙子+苹果 500ml,汇源果汁果乐,,
429,汇源果汁果乐 Others,汇源果汁果乐,,
187,康师傅传养果荟蜂蜜柚子汁果汁饮料>=2.5%塑料瓶500ML-CS,康师傅传养果荟,,
364,康师傅传养果荟 Others,康师傅传养果荟,,
1514,汇源100％桃复合果汁 330毫升,汇源,,
1508,汇源100％橙汁 330毫升,汇源,,
1509,汇源100％苹果汁 330毫升,汇源,,
2617,汇源果粒王橙汁饮料瓶装2.5升,汇源,,
1503,汇源果肉多桃汁纸浆瓶2.5升,汇源,,
1504,汇源果肉多橙果汁瓶2.5升,汇源,,
1293,汇源桃汁2l,汇源,,
1040,汇源桃汁瓶1.5升,汇源,,
1044,汇源桃花蜜汁1升,汇源,,
1039,汇源橙汁瓶2升,汇源,,
1046,汇源橙汁瓶500毫升,汇源,,
1041,汇源猕猴桃果汁塑料瓶2.5升,汇源,,
1042,汇源芒果汁500毫升,汇源,,
1294,汇源花蜜桃汁2.5l,汇源,,
1043,汇源菠蘿汁1升,汇源,,
1499,汇源鲜果饮橙汁 200毫升,汇源,,
1808,汇源鲜果饮橙汁250毫升,汇源,,
1505,汇源鲜果饮芒果汁 250毫升,汇源,,
959,汇源鮮桃果汁1升,汇源,,
955,匯源胡蘿蔔鮮桃果汁1升,汇源,,
197,汇源100%橙汁果汁砖型包装1000ML-CS,汇源,,
198,汇源苹果果汁100%砖型包装1000ML,汇源,,
199,汇源葡萄果汁100%砖型包装1000ML,汇源,,
200,汇源草莓果肉果汁≥40%砖型包装1000ML-CS,汇源,,
201,汇源桃果肉果汁≥40%砖型包装1000ML,汇源,,
194,汇源100%鲜橙汁砖型包装200ML-CS,汇源,,
195,汇源苹果果汁100%砖型包装200ML,汇源,,
196,汇源鲜桃果肉果汁100%砖型包装200ML,汇源,,
202,汇源100%葡萄汁200ML,汇源,,
205,汇源橙果汁≥30%塑料瓶2500ML,汇源,,
392,汇源 Others,汇源,,
1766,康师傅蜜桃小酪瓶500毫升,康师傅轻养果荟,,
322,康师傅蜂蜜酸枣500ML,康师傅轻养果荟,,
335,康师傅酸梅汤果汁饮料塑料瓶500ml,康师傅轻养果荟,,
760,康师傅营养水果马蹄500毫升,康师傅轻养果荟,,
602,康师傅轻养果荟蜂蜜柚子500ml,康师傅轻养果荟,,
731,康师傅 海晶柠檬500ml,康师傅轻养果荟,,
732,康师傅 芒果小酪500ml,康师傅轻养果荟,,
431,康师傅轻养果荟 Others,康师傅轻养果荟,,
923,康師傅蜂蜜香櫞（罐裝）310ML,康师傅轻养果荟,,
2337,康师傅每日C沁爽葡萄汁饮品罐装310毫升,康师傅每日C,,
2339,康师傅每日C活力黑加仑味复合果汁饮品瓶装330毫升,康师傅每日C,,
2340,康师傅每日C阳光甜橙味复合果汁饮品瓶装330毫升,康师傅每日C,,
2338,康师傅每日C阳光甜橙味复合果汁饮品瓶装500毫升,康师傅每日C,,
2589,康师傅每日C阳光甜橙橙汁饮品罐装310毫升,康师傅每日C,,
325,康师傅每日C红葡萄汁饮料塑料瓶500ml,康师傅每日C,,
326,康师傅每日C水晶葡萄果汁饮料塑料瓶500ml,康师傅每日C,,
327,康师傅每日C阳光甜橙橙汁饮品 500ml,康师傅每日C,,
428,康师傅每日C Others,康师傅每日C,,
82,酷儿橙汁1.5L,酷儿果汁,,
640,酷儿橙汁塑料瓶 300毫升,酷儿果汁,,
76,酷儿橙汁拉罐310,酷儿果汁,,
485,酷儿橙汁塑料瓶 450毫升,酷儿果汁,,
79,酷儿苹果塑料450,酷儿果汁,,
80,酷儿葡萄450ML,酷儿果汁,,
81,酷儿蜜桃塑料450,酷儿果汁,,
443,酷儿果汁 Others,酷儿果汁,,
212,水溶C100金装柠檬汁饮料445ML,农夫山泉水溶 C100,,
213,水溶C100西柚果汁饮料≥12%塑料瓶445ML,农夫山泉水溶 C100,,
606,水溶C100青皮橘饮料瓶装445ML,农夫山泉水溶 C100,,
391,农夫山泉水溶 C100 Others,农夫山泉水溶 C100,,
446,Bottle Cap,General,,
435,Irrelevant,General,,
1550,伊利 Other,伊利,,
1546,伊利安慕希希腊酸奶 Others,伊利安慕希希腊酸奶,,
1568,伊利果粒 other,伊利果粒,,
1540,伊利畅意 Others,伊利畅意,,
1565,伊利纯牛奶 Other,伊利纯牛奶,,
1547,伊利金典 Other,伊利金典,,
1570,侬一点 other,侬一点,,
1566,养乐多 Other,养乐多,,
1537,味动力 Other,味动力,,
1525,哇米诺 Other,哇米诺,,
1847,娃哈哈大红枣枸杞酸奶饮品450毫升,娃哈哈奶,,
2595,娃哈哈大红枣枸杞酸奶饮品瓶装450毫升,娃哈哈奶,,
1811,娃哈哈奶 Other,娃哈哈奶,,
1496,娃哈哈牛奶芒果酸奶饮料瓶450毫升,娃哈哈奶,,
2289,娃哈哈钙多多营养酸奶饮品瓶装200毫升,娃哈哈奶,,
2656,娃哈哈锌多多营养酸奶饮品瓶装200毫升,娃哈哈奶,,
1845,娃哈哈锌爽歪歪营养酸奶瓶200毫升,娃哈哈爽歪歪,,
1074,娃哈哈锌酷歪营养酸奶饮料200毫升,娃哈哈爽歪歪,,
410,娃哈哈爽歪歪 Others,娃哈哈爽歪歪,,
1564,子母 other,子母,,
1693,小样牛奶 Others,小样牛奶,,
1541,旺仔牛奶 Other,旺仔牛奶,,
1704,旺仔牛奶纸盒125毫升,旺仔牛奶,,
2659,旺仔牛奶罐装245毫升,旺仔牛奶,,
2658,旺仔苹果味牛奶罐装245毫升,旺仔牛奶,,
437,奶 Others,General,,
646,娃哈哈AD钙奶 220ml,娃哈哈AD钙奶,,
291,娃哈哈AD钙奶饮品330ML,娃哈哈AD钙奶,,
361,娃哈哈AD钙奶 Others,娃哈哈AD钙奶,,
1347,美汁源果粒奶优椰子450,果粒奶优,,
460,美汁源果粒奶优草莓味1.25L,果粒奶优,,
461,美汁源果粒奶优蜜桃味1.25L,果粒奶优,,
133,美汁源果粒奶优菠萝450g,果粒奶优,,
136,美汁源果粒奶优原味450g,果粒奶优,,
137,美汁源果粒奶优芒果450g,果粒奶优,,
139,美汁源果粒奶优香蕉450g,果粒奶优,,
514,美汁源果粒奶优蜜桃450g,果粒奶优,,
515,美汁源果粒奶优草莓450g,果粒奶优,,
796,果粒奶优 Others,果粒奶优,,
408,酷儿奶 Others,酷儿奶,,
301,娃哈哈营养快线菠萝味牛奶果汁饮品(>=0.7)1500ML,娃哈哈营养快线,,
302,娃哈哈营养快线香草淇淋味牛奶果汁饮品(>=0.7)1500ML,娃哈哈营养快线,,
303,娃哈哈营养快线椰子味牛奶果汁饮品(>=0.7)1500ML,娃哈哈营养快线,,
304,娃哈哈营养快线原味牛奶果汁饮品(>=0.7)1500ML,娃哈哈营养快线,,
292,娃哈哈营养快线菠萝味牛奶果汁饮品(>=0.7)300ML,娃哈哈营养快线,,
293,娃哈哈营养快线原味牛奶果汁饮品(>=0.7)280ML,娃哈哈营养快线,,
294,娃哈哈营养快线椰子味牛奶果汁饮品(>=0.7)350ML,娃哈哈营养快线,,
295,娃哈哈营养快线原味牛奶果汁饮品(>=0.7)350ML,娃哈哈营养快线,,
358,娃哈哈营养快线柠檬酸奶饮品450ML,娃哈哈营养快线,,
717,娃哈哈营养快线 幸福牵线 椰子味 500ml,娃哈哈营养快线,,
296,娃哈哈营养快线菠萝味牛奶果汁饮品(>=0.7)500ML,娃哈哈营养快线,,
297,娃哈哈营养快线升级版原味果汁酸奶饮品(>=0.7)500ML,娃哈哈营养快线,,
298,娃哈哈营养快线香草味牛奶果汁饮品(>=0.7)500ML,娃哈哈营养快线,,
299,娃哈哈营养快线椰子味牛奶果汁饮品(>=0.7)500ML,娃哈哈营养快线,,
300,娃哈哈营养快线原味牛奶果汁饮品(>=0.7)500ML,娃哈哈营养快线,,
406,娃哈哈营养快线 Others,娃哈哈营养快线,,
357,娃哈哈莫小凡&白萌萌乳味饮料300ML,娃哈哈莫小凡和白萌萌,,
812,娃哈哈莫小凡＆白萌萌乳味饮品500ml,娃哈哈莫小凡和白萌萌,,
935,娃哈哈莫小凡&白萌萌乳味饮料500ML,娃哈哈莫小凡和白萌萌,,
422,娃哈哈莫小凡和白萌萌 Others,娃哈哈莫小凡和白萌萌,,
1528,农夫山泉力量帝维他命水 Others,农夫山泉力量帝维他命水,,
1557,宝矿力水特 other,宝矿力水特,,
1851,燃力士其他,燃力士,,
2377,爆锐燃力运动饮料500毫升,爆锐运动饮料,,
2378,爆锐耐力运动饮料500毫升,爆锐运动饮料,,
2379,爆锐运动饮料 Other,爆锐运动饮料,,
1563,脉动 Other,脉动,,
445,营养素饮料 Others,General,,
1717,水动乐果蔬西柚营养素饮料塑料瓶600毫升,水动乐,,
1718,水动乐柠檬瓶600毫升,水动乐,,
1719,水动乐蜂蜜柠檬瓶600毫升,水动乐,,
64,水动乐西柚味600毫升,水动乐,,
707,水动乐超级莓塑料瓶600毫升,水动乐,,
59,水动乐柑橘味塑料瓶600毫升,水动乐,,
60,水动乐白葡萄塑料瓶600毫升,水动乐,,
61,水动乐果蔬桃味营养素饮料塑料瓶600毫升,水动乐,,
62,水动乐果蔬橙味营养素饮料塑料瓶600毫升,水动乐,,
63,水动乐果蔬柠檬营养素饮料塑料瓶600毫升,水动乐,,
390,水动乐 Others,水动乐,,
647,佳得乐 藍莓600ml,佳得乐,,
648,佳得乐 葡萄柚600ml,佳得乐,,
649,佳得乐 檸檬600ml,佳得乐,,
650,佳得乐 橙味600ml,佳得乐,,
365,佳得乐 Others,佳得乐,,
68,酷乐仕维他命获得小宇宙塑料500毫升,酷乐仕,,
69,酷乐仕维他命获得十全小补塑料500毫升,酷乐仕,,
407,酷乐仕 Others,酷乐仕,,
1369,农夫山泉尖叫运动盖型植物风味饮料550ml,农夫山泉尖叫,,
761,尖叫柠檬风味运动550毫升,农夫山泉尖叫,,
306,农夫山泉尖叫塑料瓶多肽型550ML,农夫山泉尖叫,,
379,农夫山尖叫 Others,农夫山泉尖叫,,
1292,娃哈哈活化维生素水柑橘味600毫升,娃哈哈激活,,
1077,娃哈哈激活维生素饮料柠檬味瓶600 ml,娃哈哈激活,,
1076,娃哈哈激活维生素饮料桃味瓶600 ml,娃哈哈激活,,
1078,娃哈哈激活维生素饮料荔枝口味600ml,娃哈哈激活,,
354,娃哈哈激活维生素饮品柠檬口味600ML,娃哈哈激活,,
355,娃哈哈激活维生素饮品柑橘口味600ML,娃哈哈激活,,
356,娃哈哈激活维生素饮品水蜜桃口味600ML,娃哈哈激活,,
427,娃哈哈激活 Others,娃哈哈激活,,
1816,健力宝 Others,健力宝,,
2275,健力宝运动饮料橙蜜味罐装500毫升,健力宝,,
173,健力宝橙蜜运动饮料(不含果汁)塑瓶2000ML,健力宝,,
171,健力宝橙蜜运动饮料(不含果汁)罐装330ML,健力宝,,
947,健力寶檸檬蜂蜜330ml,健力宝,,
720,健力宝瓶装柠蜜味560ml,健力宝,,
172,健力宝橙蜜运动饮料(不含果汁)塑瓶560ML,健力宝,,
559,1.25L纸托,可口可乐,,
523,纯乐 太阳伞,可口可乐,,
560,2L纸托,可口可乐,,
558,爆炸星,可口可乐,,
561,爆炸价格牌,可口可乐,,
562,价格托盘,可口可乐,,
564,CNY价格海报(1.25升),可口可乐,,
971,Large packing wire -1l (short),可口可乐,,
581,大包装铁丝-1L,可口可乐,,
582,餐饮铁丝货架,可口可乐,,
583,落地货架,可口可乐,,
585,墙面大相框 B,可口可乐,,
586,墙面大相框 C,可口可乐,,
462,可乐堆箱海报,可口可乐,,
463,可乐堆箱海报价格标签,可口可乐,,
464,可乐堆箱海报价格标签(88.8),可口可乐,,
590,听装展示架,可口可乐,,
472,美汁源零售价海报,可口可乐,,
607,爆炸贴价格牌,可口可乐,,
614,RB价格牌,可口可乐,,
615,RB瓶箱,可口可乐,,
508,PriceTag Small 88.8,可口可乐,,
509,PriceTag Small 8.8,可口可乐,,
973,纯悦托盘价格牌（短款）,纯悦,,
608,纯悦托盘价格牌,纯悦,,
683,美汁源植场新人椰子汁植物蛋白饮料PET1000g,植场新人,,
630,美汁源植场新人椰子汁植物蛋白饮料CAN 240g,植场新人,,
631,美汁源植场新人芝麻核桃复合蛋白饮料CAN 240g,植场新人,,
634,植场新人 Others,植场新人,,
1532,维他奶 Other,维他奶,,
2653,维他奶低糖原味豆奶纸盒装250毫升,维他奶,,
2652,维他奶原味豆奶玻璃瓶装236毫升,维他奶,,
2648,维他奶原味豆奶瓶装330毫升,维他奶,,
1703,维他奶原味豆奶纸盒250毫升,维他奶,,
2644,维他奶巧克力味豆奶饮料瓶装330毫升,维他奶,,
2646,维他奶巧克力味豆奶饮料纸盒装250毫升,维他奶,,
2655,维他奶香草味豆奶饮料纸盒装250毫升,维他奶,,
2647,维他奶麦精豆奶纸盒装250毫升,维他奶,,
2643,维他奶黑豆奶纸盒装250毫升,维他奶,,
1569,豆本豆 other,豆本豆,,
1536,银鹭 Other,银鹭,,
2665,银鹭红枣花生牛奶瓶装450毫升,银鹭,,
2663,银鹭红枣花生牛奶瓶装500毫升,银鹭,,
2671,银鹭红豆花生牛奶瓶装450毫升,银鹭,,
2674,银鹭红豆花生牛奶纸盒装250毫升,银鹭,,
1705,银鹭花生牛奶瓶450毫升,银鹭,,
2675,银鹭花生牛奶瓶装500毫升,银鹭,,
2670,银鹭花生牛奶纸盒装250毫升,银鹭,,
2667,银鹭薏仁花生牛奶瓶装450毫升,银鹭,,
2684,雪菲力豆奶250毫升,雪菲力豆奶,,
2685,雪菲力豆奶其他,雪菲力豆奶,,
987,Plant Protein Other,General,,
1542,名仁 Other,名仁,,
314,百事可乐轻怡汽水可乐(不含果汁)罐装330ML-CS,百事可乐轻怡,,
157,百事可乐轻怡汽水可乐(不含果汁)塑料瓶500ML,百事可乐轻怡,,
315,百事可乐轻怡汽水可乐(不含果汁)塑料瓶600ML,百事可乐轻怡,,
398,百事可乐轻怡 Others,百事可乐轻怡,,
1315,雪菲力乌梅塑料瓶 600毫升,雪菲力汽水,,
1312,雪菲力果然桃花开蜜桃味塑料瓶 550毫升,雪菲力汽水,,
1316,雪菲力果然西番你百香果味塑料瓶 550毫升,雪菲力汽水,,
1317,雪菲力汽水 Others,雪菲力汽水,,
1314,雪菲力盐汽水(柠檬味)塑料瓶 600毫升,雪菲力汽水,,
440,汽水 Others,General,,
1781,可乐纤维+摩登罐 330ml,可口可乐,,
1502,可口可乐2010年国际足联世界杯南非瓶250毫升,可口可乐,,
1716,可口可乐世界杯限量版ESP罐330毫升,可口可乐,,
1351,可口可乐樱花250ml,可口可乐,,
1352,可口可乐汽水饮料 碳酸饮料 250ml,可口可乐,,
1713,可口可乐瓶3升,可口可乐,,
1715,可口可乐透明瓶500毫升,可口可乐,,
2385,香草味可口可乐摩登罐 330毫升,可口可乐,,
591,可口可乐塑料瓶 1.5公升,可口可乐,,
521,可口可乐塑料1.0升,可口可乐,,
13,可口可乐塑料瓶 1.25公升,可口可乐,,
21,可口可乐轻量玻璃瓶 200毫升,可口可乐,,
48,可口可乐塑料瓶 2公升,可口可乐,,
51,可口可乐塑料瓶 2.3公升,可口可乐,,
980,可口可乐塑料包装2.5升,可口可乐,,
5,可口可乐塑料瓶 300毫升,可口可乐,,
2,可口可乐易拉罐 330毫升,可口可乐,,
689,姜味可乐摩登罐 330ml,可口可乐,,
690,健怡可乐易拉罐 330毫升,可口可乐,,
579,香草味可口可乐易拉罐 330毫升,可口可乐,,
617,可乐樱桃摩登罐 330ml,可口可乐,,
544,可口可乐摩登罐 330毫升,可口可乐,,
691,姜味可乐塑料瓶 500ml,可口可乐,,
580,香草味可口可乐塑料瓶 500毫升,可口可乐,,
974,可乐纤维+塑料500毫升,可口可乐,,
616,可乐樱桃塑料瓶 500ml,可口可乐,,
126,可口可乐塑料瓶 500毫升 (旧直身瓶),可口可乐,,
10,可口可乐塑料瓶 600ml,可口可乐,,
595,可乐塑料瓶680毫升,可口可乐,,
16,可口可乐塑料瓶730毫升,可口可乐,,
20,可乐塑料888毫升,可口可乐,,
373,可口可乐 Others,可口可乐,,
1725,可口可乐零度瓶1.5升,可口可乐零度,,
1724,可口可乐零度瓶1升,可口可乐零度,,
1726,可口可乐零度瓶2升,可口可乐零度,,
642,零度可口可乐塑料瓶 300毫升,可口可乐零度,,
25,零度可口可乐易拉罐 330毫升,可口可乐零度,,
513,零度可乐摩登罐 330毫升,可口可乐零度,,
131,零度可口可乐塑料瓶 500毫升,可口可乐零度,,
46,零度可乐塑料瓶 600毫升,可口可乐零度,,
416,可口可乐零度 Others,可口可乐零度,,
1739,激浪罐330毫升,激浪,,
158,激浪汽水柠檬味可乐型(不含果汁)500ML,激浪,,
394,激浪 Others,激浪,,
722,百事可乐无糖可乐型汽水330ml,百事可乐极度,,
156,百事可乐极度极度汽水可乐(不含果汁)塑料瓶500ML-CS,百事可乐极度,,
397,百事可乐极度 Others,百事可乐极度,,
1386,888ML芬达橙,芬达,,
1388,芬达柠檬600ML,芬达,,
1723,芬达橙味瓶3升,芬达,,
2273,芬达橙味苏打水瓶装1.5 升,芬达,,
1398,芬达橙汁塑料680毫升(12)整箱,芬达,,
1088,芬达橙汁拉罐330(24)（整箱）,芬达,,
2341,芬达水蜜桃味汽水瓶装300毫升,芬达,,
1392,芬达苹果塑料瓶888毫升,芬达,,
1304,芬达草莓塑料500,芬达,,
2343,芬达葡萄味汽水瓶装2升,芬达,,
1326,芬达零卡橙味无糖摩登罐330毫升,芬达,,
1387,芬达青柠塑料500,芬达,,
621,芬达橙汁塑料瓶 1.0公升,芬达,,
15,芬达橙汁塑料瓶1.25L,芬达,,
23,芬达橙轻量瓶200,芬达,,
132,芬达轻量RB200ML,芬达,,
146,芬达水蜜桃瓶装200,芬达,,
144,芬达苹果塑料2升,芬达,,
50,芬达橙汁塑料2升,芬达,,
53,芬达橙汁塑料2.3升,芬达,,
7,芬达300ml,芬达,,
9,芬达苹果塑料300,芬达,,
4,芬达橙汁易拉罐 330毫升,芬达,,
665,芬达水蜜桃摩登罐330ml,芬达,,
663,芬达苹果易拉罐 330毫升,芬达,,
664,芬达葡萄摩登罐 330毫升,芬达,,
666,芬达西瓜摩登罐 330毫升,芬达,,
28,芬达苹果拉罐330,芬达,,
29,芬达水蜜桃拉罐330ml,芬达,,
30,芬达葡萄拉罐330,芬达,,
547,芬达橙汁摩登罐 330毫升,芬达,,
963,芬达零卡塑料500ML,芬达,,
128,芬达水蜜桃塑料500,芬达,,
140,芬达西瓜塑料500,芬达,,
148,芬达芒果塑料500,芬达,,
143,芬达菠萝塑料500,芬达,,
482,芬达苹果塑料瓶 500毫升,芬达,,
483,芬达葡萄塑料瓶 500毫升,芬达,,
127,芬达橙汁塑料瓶 500毫升,芬达,,
42,芬达水蜜桃塑料600,芬达,,
43,芬达菠萝塑料600,芬达,,
44,芬达苹果塑料600,芬达,,
45,芬达葡萄塑料600,芬达,,
12,芬达橙汁塑料瓶 600ml,芬达,,
465,芬达西瓜塑料瓶 600毫升,芬达,,
635,芬达橙汁塑料瓶680毫升,芬达,,
18,芬达橙汁塑料730ml,芬达,,
405,芬达 Others,芬达,,
176,娃哈哈格瓦斯麦芽汁发酵饮品(不含果汁)塑料瓶1250ML,娃哈哈格瓦斯,,
175,娃哈哈格瓦斯麦芽汁发酵碳酸饮料(不含果汁)塑料瓶330ML,娃哈哈格瓦斯,,
387,娃哈哈格瓦斯 Others,娃哈哈格瓦斯,,
342,健力宝爆果汽苹果汁饮料480ML,健力宝汽水,,
421,健力宝汽水 Others,健力宝汽水,,
1353,美年达  橙子苏打330ml,美年达,,
1744,美年达橙味瓶500毫升,美年达,,
1520,美年达橙汁塑料瓶1升,美年达,,
1798,美年达汽水橙味汽水塑料瓶600ML,美年达,,
1518,美年达碳酸饮料荔枝味瓶600毫升,美年达,,
1743,美年达荔枝瓶装550毫升,美年达,,
2328,美年达青苹果味汽水瓶装2升,美年达,,
336,美年达汽水橙味(不含果汁)塑料瓶1250ML,美年达,,
601,美年达橙味汽水瓶装2500ML,美年达,,
165,美年达汽水橙味(不含果汁)塑料瓶2000ML,美年达,,
721,美年达果味型汽水橙味330ml,美年达,,
160,美年达汽水青苹果味(不含果汁)罐装330ML,美年达,,
813,美年达葡萄味330ml,美年达,,
815,美年达橙味330ml,美年达,,
159,美年达汽水橙味(不含果汁)罐装330ML,美年达,,
316,美年达汽水橙味(不含果汁)塑料瓶330ML-CS,美年达,,
162,美年达汽水葡萄味(不含果汁)塑料瓶550ML,美年达,,
164,美年达汽水橙味(不含果汁)塑料瓶550ML,美年达,,
235,美年达蜂蜜柚子味汽水550ml,美年达,,
163,美年达汽水青苹果味(不含果汁)塑料瓶600ML,美年达,,
166,美年达汽水冰镇西瓜味(不含果汁)塑料瓶600ML-CS,美年达,,
317,美年达汽水葡萄味(不含果汁)塑料瓶600ML,美年达,,
403,美年达 Others,美年达,,
1354,怡泉覆盆子味苏打水气泡水330ml,怡泉汽水,,
31,怡泉+C柠檬味易拉罐 330毫升,怡泉汽水,,
32,怡泉干姜水拉罐330,怡泉汽水,,
33,怡泉苏打水易拉罐 330毫升,怡泉汽水,,
34,怡泉汤力水拉罐330,怡泉汽水,,
681,怡泉西柚味易拉罐 330毫升,怡泉汽水,,
703,怡泉柠檬味苏打水汽水摩登罐 330毫升,怡泉汽水,,
704,怡泉苏打水摩登罐 330毫升,怡泉汽水,,
978,怡泉有气乳酸饮品拉罐330ml,怡泉汽水,,
680,怡泉忌廉风味汽水易拉罐 330毫升,怡泉汽水,,
548,怡泉 +C柠檬味 摩登罐 330,怡泉汽水,,
693,怡泉柠檬味苏打水汽水塑料瓶 400毫升,怡泉汽水,,
694,怡泉+C柠檬味塑料瓶 400毫升,怡泉汽水,,
695,怡泉苏打水塑料瓶 400毫升,怡泉汽水,,
679,怡泉忌廉风味汽水塑料500ml,怡泉汽水,,
40,怡泉+C柠檬味塑料500,怡泉汽水,,
682,怡泉西柚味塑料瓶 500毫升,怡泉汽水,,
47,怡泉苏打水塑料500,怡泉汽水,,
511,怡泉+C奇异果味塑料瓶500毫升,怡泉汽水,,
383,怡泉汽水 Others,怡泉汽水,,
743,可口可乐/雪碧/芬达橙拉罐330(6+,混合包装,,
744,混合包装 Other,混合包装,,
1740,百事可乐蓝苏打饮料瓶450毫升,百事可乐,,
1741,百事可乐饮料瓶1.5升,百事可乐,,
1742,百事可乐饮料罐250毫升,百事可乐,,
153,百事可乐汽水可乐(不含果汁)塑料瓶1250ML,百事可乐,,
154,百事可乐汽水可乐(不含果汁)塑料瓶2000ML,百事可乐,,
155,百事可乐汽水可乐(不含果汁)塑料瓶2500ML,百事可乐,,
599,百事可乐300ml,百事可乐,,
151,百事可乐汽水可乐味(不含果汁)罐装330ML-CS,百事可乐,,
600,百事可乐瓶装500ML+100ML,百事可乐,,
152,百事可乐汽水可乐味(不含果汁)塑料瓶600ML-CS,百事可乐,,
396,百事可乐 Others,百事可乐,,
1738,七喜无糖瓶355 ml,七喜,,
1736,七喜柠檬瓶250毫升,七喜,,
926,7喜1升,七喜,,
168,七喜汽水柠檬味(不含果汁)塑料瓶1250ML,七喜,,
718,七喜 单瓶_碳酸饮料 2L,七喜,,
169,七喜汽水柠檬味(不含果汁)塑料瓶2500ML,七喜,,
719,七喜冰爽柠檬味汽水 塑瓶 330ml,七喜,,
900,7喜苏打水Fresh Up（不含果汁）可装330ML-CS,七喜,,
319,七喜汽水柠檬味(不含果汁)塑料瓶330ML-CS,七喜,,
903,(七喜汽水柠檬味(不含果汁)罐330ML x 6),七喜,,
170,七喜汽水柠檬味(不含果汁)塑料瓶550ML,七喜,,
167,七喜汽水柠檬味(不含果汁)塑料瓶600ML,七喜,,
362,七喜 Others,七喜,,
1334,雪碧塑料瓶 300毫升(24支装)整箱,雪碧,,
1782,雪碧纤维+摩登罐 330ml,雪碧,,
592,雪碧塑料瓶 1.5公升,雪碧,,
522,雪碧塑料瓶 1.0公升,雪碧,,
14,雪碧胶瓶 1.25公升,雪碧,,
22,雪碧轻量玻璃瓶 200毫升,雪碧,,
49,雪碧塑料2升,雪碧,,
52,雪碧塑料2.3升,雪碧,,
979,雪碧塑料包装2.5L,雪碧,,
6,雪碧塑料瓶 300毫升,雪碧,,
8,雪碧冰薄荷塑料300,雪碧,,
3,雪碧拉罐330,雪碧,,
24,雪碧冰薄荷拉罐330,雪碧,,
546,雪碧摩登罐 330毫升,雪碧,,
594,雪碧零卡摩登罐 330毫升,雪碧,,
520,雪碧激柠青柠味易拉罐330毫升,雪碧,,
696,雪碧纤维+ 塑料瓶500毫升,雪碧,,
578,雪碧零卡塑料500,雪碧,,
484,雪碧冰薄荷塑料瓶 500毫升,雪碧,,
125,雪碧塑料瓶 500毫升,雪碧,,
510,雪碧激柠青柠味塑料瓶 500毫升,雪碧,,
11,雪碧塑料瓶 600ml,雪碧,,
41,雪碧冰薄荷塑料600,雪碧,,
596,雪碧塑料瓶680毫升,雪碧,,
17,雪碧塑料730ml,雪碧,,
415,雪碧 Others,雪碧,,
1288,娃哈哈C柠檬碳酸汁530毫升,娃哈哈汽水,,
1327,娃哈哈C蜜桃碳酸饮料塑料瓶530毫升,娃哈哈汽水,,
1328,娃哈哈C西柚碳酸饮料塑料瓶530毫升,娃哈哈汽水,,
1730,娃哈哈苏打水薄荷柠檬瓶350毫升,娃哈哈汽水,,
339,娃哈哈非常可乐塑料瓶500ML,娃哈哈汽水,,
949,娃哈哈水非蒸汽蘇打350毫升,娃哈哈汽水,,
340,娃哈哈非常柠檬塑料瓶500ML,娃哈哈汽水,,
341,娃哈哈非常甜橙塑料瓶500ML,娃哈哈汽水,,
343,娃哈哈C驱动柠檬汁碳酸饮料530ML,娃哈哈汽水,,
246,娃哈哈无汽苏打水350ML,娃哈哈汽水,,
424,娃哈哈汽水 Others,娃哈哈汽水,,
1732,屈臣氏沙示汽水瓶1.25升,屈臣氏,,
1842,屈臣氏沙示汽水瓶380毫升,屈臣氏,,
1733,屈臣氏沙示汽水罐330毫升,屈臣氏,,
1841,屈臣氏沙示汽水罐装345毫升,屈臣氏,,
1803,屈臣氏蜜桃苏打水瓶装500毫升,屈臣氏,,
1802,屈臣氏青柠苏打瓶500毫升,屈臣氏,,
738,屈臣氏（Watsons）柠檬草味苏打汽水330ml,屈臣氏,,
740,屈臣氏干姜苏打水330ml,屈臣氏,,
174,屈臣氏苏打水(不含果汁)罐装330ML,屈臣氏,,
723,屈臣氏 Watsons 汤力汽水330ml,屈臣氏,,
724,屈臣氏香草苏打汽水 豆瓣 330ml,屈臣氏,,
380,屈臣氏 Others,屈臣氏,,
26,醒目苹果(低糖)拉罐330,醒目,,
36,醒目苹果(低糖配方)塑料瓶 500毫升,醒目,,
37,醒目西瓜(低糖)塑料500,醒目,,
39,醒目荔枝塑料瓶 500毫升,醒目,,
138,醒目菠萝塑料500,醒目,,
409,醒目 Others,醒目,,
313,莹纯盐汽水(不含果汁)塑料瓶600ML,莹纯,,
430,莹纯 Others,莹纯,,
1690,伊藤园 Others,伊藤园,,
2588,加多宝凉茶瓶装500毫升,加多宝,,
2587,加多宝凉茶罐装310毫升,加多宝,,
2582,加多宝茶 Other,加多宝,,
1562,和其正 other,和其正,,
1770,和其正常规凉茶饮料罐310毫升,和其正,,
1771,和其正普通凉茶饮料塑料瓶1.5升,和其正,,
2612,和其正清凉茶饮料塑料瓶550毫升,和其正,,
1772,和其正清凉茶饮料塑料瓶600毫升,和其正,,
2613,和其正清凉茶饮料罐装480毫升,和其正,,
2373,唷茶 Other,唷茶,,
2372,唷茶柠檬480ML,唷茶,,
2371,唷茶金桔480ML,唷茶,,
1846,天喔茶庄炭烧鸳鸯奶茶瓶500毫升,天喔茶庄茶,,
1574,天喔茶庄茶 Others,天喔茶庄茶,,
2287,天喔茶庄蜂蜜柚子茶利乐包装250毫升,天喔茶庄茶,,
1513,天喔茶庄蜂蜜柚子茶瓶500毫升,天喔茶庄茶,,
2633,天喔茶庄蜂蜜红枣茶瓶装500毫升,天喔茶庄茶,,
1848,天喔茶庄蜂蜜雪梨茶瓶500毫升,天喔茶庄茶,,
2635,天喔茶庄金桔柠檬茶瓶装500毫升,天喔茶庄茶,,
2349,Ksf绿茶蜂蜜和茉莉花低糖宠物550毫升,康师傅茶,,
1764,康师傅冰红茶柠檬瓶490毫升,康师傅茶,,
1760,康师傅冰红茶青苹果味瓶500毫升,康师傅茶,,
1767,康师傅柚子绿茶瓶500毫升,康师傅茶,,
1759,康师傅柚子绿茶瓶550毫升,康师傅茶,,
1761,康师傅绿茶蜂蜜茉莉花瓶500毫升,康师傅茶,,
896,康師傅薄荷冰檸檬茶（塑料瓶）1L,康师傅茶,,
919,康師傅（塑料瓶）1000ML,康师傅茶,,
256,康师傅绿茶蜂蜜茉莉味(塑料瓶)1000ML-CS,康师傅茶,,
257,康师傅茉莉蜜茶蜂蜜味含糖(塑料瓶)1000ML-CS,康师傅茶,,
258,康师傅茉莉清茶原味低糖(塑料瓶)1000ML-CS,康师傅茶,,
255,康师傅冰红茶柠檬味含糖(塑料瓶)1000ML-CS,康师傅茶,,
259,康师傅冰红茶柠檬味含糖(塑料瓶)2000ML-CS,康师傅茶,,
260,康师傅绿茶蜂蜜茉莉味(塑料瓶)2000ML,康师傅茶,,
261,康师傅茉莉蜜茶蜂蜜味含糖(塑料瓶)2000ML-CS,康师傅茶,,
904,康師傅薄荷冰檸檬茶（利樂包裝）250ML,康师傅茶,,
902,康師傅冰茶（利樂包裝）250ML,康师傅茶,,
891,康師傅檸檬茶（利樂包裝）250ML,康师傅茶,,
893,康師傅冰冰茶罐頭（罐裝）310ML,康师傅茶,,
901,康師傅黑冰茶（塑料瓶）330ML,康师傅茶,,
917,康師傅梅花茶（塑料瓶）500ML,康师傅茶,,
920,康師傅果茶冰金橘綠茶（塑料瓶）500ML,康师傅茶,,
898,康師傅茉莉蜂蜜綠茶（塑料瓶）550ML,康师傅茶,,
899,康師傅茉莉花果茶（塑料瓶）550ML,康师傅茶,,
892,康師傅薄荷冰檸檬茶（塑料瓶）550ML,康师傅茶,,
894,康師傅綠茶健康（塑料瓶）550ML,康师傅茶,,
254,康师傅冰红茶柠檬味含糖(塑料瓶)550ML-CS,康师傅茶,,
262,康师傅冰糖菊花味绿茶含糖(塑料瓶)550ML-CS,康师傅茶,,
654,康师傅绿茶550毫升,康师傅茶,,
655,康师傅茉莉蜜茶500毫升,康师傅茶,,
656,康师傅茉莉清茶600毫升,康师傅茶,,
657,康师傅乌龙茗茶600毫升,康师傅茶,,
658,康师傅乌龙茗茶500毫升,康师傅茶,,
381,康师傅茶 Others,康师傅茶,,
1538,王老吉 Other,王老吉,,
1559,立顿 other,立顿,,
1370,统一 小茗同学 冷泡茶 超桔乌龙 480ml,统一小茗同学,,
1751,统一小茗同学冷泡茉莉萃茶瓶480毫升,统一小茗同学,,
736,统一 小茗同学冷泡茶冰橘绿茶480ml,统一小茗同学,,
734,统一 小茗同学 冷泡茶 溜溜哒茶480ml,统一小茗同学,,
735,统一 小茗同学 冷泡茶 青柠红茶 480ml,统一小茗同学,,
742,统一小茗同学 Others,统一小茗同学,,
1692,维他 Others,维他,,
1560,茶茶 Other,茶茶,,
1544,达利园 Other,达利园,,
1786,阳光 Other,阳光,,
1785,阳光经典柠檬茶味饮料 250ml,阳光,,
1784,阳光经典柠檬茶味饮料 500ml,阳光,,
1810,阳光菊花茶味饮料 250ml,阳光,,
1783,阳光菊花茶味饮料 500ml,阳光,,
2388,雪菲力柠檬茶250毫升,雪菲力茶,,
2389,雪菲力茶 Other,雪菲力茶,,
2358,香飘飘其他,香飘飘,,
1852,麦可其他,麦可,,
441,茶 Others,General,,
279,统一阿萨姆奶茶原味含糖(塑料瓶)1500ML-CS,统一阿萨姆奶茶,,
651,阿萨姆奶茶 阿薩姆統一英國牛奶茶450ml,统一阿萨姆奶茶,,
652,阿萨姆奶茶 台灣統一牛奶綠450ml,统一阿萨姆奶茶,,
653,阿萨姆奶茶 统一 阿萨姆 岩盐芝士 450ml,统一阿萨姆奶茶,,
278,统一阿萨姆奶茶原味含糖(塑料瓶)500ML-CS,统一阿萨姆奶茶,,
411,统一阿萨姆奶茶Others,统一阿萨姆奶茶,,
264,打奶茶抹茶奶茶含糖(塑料瓶)320GM-CS,农夫山泉打奶茶,,
263,打奶茶红茶奶茶含糖(塑料瓶)320GM-CS,农夫山泉打奶茶,,
384,农夫山泉打奶茶 Others,农夫山泉打奶茶,,
2367,淳茶舍（普洱消茶)原味茶480毫升,淳茶舍,,
699,淳茶舍绿茶塑料 480毫升,淳茶舍,,
700,淳茶舍红茶塑料瓶 480毫升,淳茶舍,,
701,淳茶舍铁观音乌龙茶塑料 480毫升,淳茶舍,,
702,淳茶舍 Others,淳茶舍,,
1694,农夫山泉茶 Others,农夫山泉茶,,
2282,农夫山泉茶π柚子绿茶瓶装500毫升,农夫山泉茶,,
2281,农夫山泉茶π柠檬红茶瓶装500毫升,农夫山泉茶,,
2279,农夫山泉茶π玫瑰荔枝红茶瓶装500毫升,农夫山泉茶,,
2283,农夫山泉茶π蜜桃乌龙茶瓶装500毫升,农夫山泉茶,,
2280,农夫山泉茶π西柚茉莉花茶瓶装500毫升,农夫山泉茶,,
2284,康师傅炼乳奶茶瓶装500毫升,康师傅奶茶,,
1768,康师傅芝士奶茶瓶500毫升,康师傅奶茶,,
252,康师傅经典奶茶炼乳味含糖(塑料瓶)500ML-CS,康师傅奶茶,,
253,康师傅奶茶香浓味含糖(塑料瓶)500ML-CS,康师傅奶茶,,
382,康师傅奶茶 Others,康师傅奶茶,,
395,统一煎茶奶绿Others,统一煎茶奶绿,,
2296,统一冰红茶柠檬味调味茶饮料瓶装2升,统一茶,,
2336,统一绿茶茉莉味低糖瓶装2升,统一茶,,
906,統一綠茶低糖（塑料瓶）1,统一茶,,
274,统一冰红茶柠檬味(塑料瓶)1000ML,统一茶,,
269,统一冰红茶柠檬味(利乐包装)250ML,统一茶,,
942,统一檸檬冰茶310毫升,统一茶,,
270,统一冰红茶柠檬味含糖(塑料瓶)500ML,统一茶,,
271,统一绿茶茉莉花味低糖(塑料瓶)500ML,统一茶,,
272,统一茉香蜜茶(塑料瓶)500ML,统一茶,,
273,统一茉香清茶原味低糖(塑料瓶)500ML-CS,统一茶,,
399,统一茶 Others,统一茶,,
1289,统一奶茶大麦味250毫升,统一奶茶,,
1066,统一奶茶大麦快乐星期三利250毫升,统一奶茶,,
1063,统一奶茶大麦快乐星期四利250毫升,统一奶茶,,
1067,统一奶茶小麦利250毫升,统一奶茶,,
1488,统一奶茶巧克力口味利乐包 250毫升,统一奶茶,,
1287,统一奶茶巧克力味250毫升,统一奶茶,,
1495,统一奶茶巧克力快乐周日利乐包 250毫升,统一奶茶,,
1065,统一奶茶巧克力快乐星期四利250毫升,统一奶茶,,
1489,统一奶茶草莓味利乐包 250毫升,统一奶茶,,
1061,统一牛奶茶大麦可以310毫升,统一奶茶,,
1487,统一牛奶茶大麦味道利乐包 250毫升,统一奶茶,,
1062,统一牛奶茶大麦四利250毫升,统一奶茶,,
1064,统一牛奶茶大麦快乐星期天利250毫升,统一奶茶,,
1060,统一牛奶茶大麦星期五快乐四利250毫升,统一奶茶,,
276,统一奶茶巧克力味含糖(利乐包装)250ML,统一奶茶,,
958,统一奶茶巧克力250ml,统一奶茶,,
401,统一奶茶 Others,统一奶茶,,
402,统一植觉 Others,统一植觉,,
1843,娃哈哈冰红茶瓶1升,娃哈哈茶,,
1501,娃哈哈冰红茶瓶500毫升,娃哈哈茶,,
1515,娃哈哈果茶阿润百香红茶瓶500毫升,娃哈哈茶,,
1517,娃哈哈果茶阿润蜜桃乌龙瓶500毫升,娃哈哈茶,,
1844,娃哈哈水果绿茶蜂蜜低糖茶瓶500毫升,娃哈哈茶,,
1506,娃哈哈茉莉低糖绿茶瓶500毫升,娃哈哈茶,,
2657,娃哈哈蜂蜜水果绿茶瓶装1千克,娃哈哈茶,,
359,娃哈哈蓝莓冰红茶果汁茶饮料500ML,娃哈哈茶,,
282,娃哈哈蜂蜜冰红茶柠檬味含糖(塑料瓶)500ML,娃哈哈茶,,
283,娃哈哈龙井绿茶调味茶饮料低糖(塑料瓶)500ML,娃哈哈茶,,
284,娃哈哈茉莉绿茶茉莉蜂蜜味低糖(塑料瓶)500ML,娃哈哈茶,,
385,娃哈哈茶 Others,娃哈哈茶,,
1080,娃哈哈呦呦奶茶茉莉味500 毫升,娃哈哈呦呦奶茶,,
1729,娃哈哈呦呦蜂蜜奶茶原瓶500毫升,娃哈哈呦呦奶茶,,
960,娃哈哈呦呦奶茶500毫升,娃哈哈呦呦奶茶,,
961,娃哈哈呦呦蜂蜜牛奶茶飲料芳香味500毫升,娃哈哈呦呦奶茶,,
962,娃哈哈呦呦原味奶茶500毫升,娃哈哈呦呦奶茶,,
285,娃哈哈呦呦奶茶原味500ML,娃哈哈呦呦奶茶,,
374,娃哈哈呦呦奶茶 Others,娃哈哈呦呦奶茶,,
265,农夫山泉东方树叶红茶原味无糖(塑料瓶)500ml,农夫山泉东方树叶,,
266,农夫山泉东方树叶绿茶原味无糖(塑料瓶)500ml,农夫山泉东方树叶,,
267,农夫山泉东方树叶茉莉花茶原味无糖(塑料瓶)500ml,农夫山泉东方树叶,,
268,农夫山泉东方树叶乌龙茶原味无糖(塑料瓶)500ml,农夫山泉东方树叶,,
367,农夫山泉东方树叶 Other,农夫山泉东方树叶,,
2291,Allqua 水其他,Allqua Water,,
1531,依云 Other,依云,,
2278,农夫山泉水柚子瓶530毫升,农夫山泉水,,
2276,农夫山泉水柠檬瓶530毫升,农夫山泉水,,
2277,农夫山泉水葡萄瓶530毫升,农夫山泉水,,
1708,农夫山泉高端天然矿泉水瓶535毫升,农夫山泉水,,
242,农夫山泉饮用天然水(塑料瓶)1500ML,农夫山泉水,,
239,农夫山泉天然水(塑料瓶)380ML,农夫山泉水,,
914,农夫山泉礦泉水（塑料瓶）400ML,农夫山泉水,,
243,农夫山泉天然水/纯净水4000ML,农夫山泉水,,
911,农夫山泉天然水（塑料桶）5000ML,农夫山泉水,,
240,农夫山泉饮用天然水塑料瓶550ML-CS,农夫山泉水,,
241,农夫山泉饮用天然水(塑料瓶)750ML,农夫山泉水,,
368,农夫山泉水 Others,农夫山泉水,,
1691,圣培露 Others,圣培露,,
1521,屈臣氏水 Other,屈臣氏水,,
1526,康师傅优悦 Others,康师傅优悦,,
2618,康师傅优悦包装饮用水瓶装1500毫升,康师傅优悦,,
2623,康师傅优悦包装饮用水瓶装350毫升,康师傅优悦,,
2619,康师傅优悦包装饮用水瓶装550毫升,康师傅优悦,,
2620,康师傅优悦饮用纯净水瓶装380毫升,康师傅优悦,,
2621,康师傅优悦饮用纯净水瓶装560毫升,康师傅优悦,,
1522,怡宝 Other,怡宝,,
1769,怡宝纯净水瓶4.5升,怡宝,,
2599,怡宝纯净水瓶装1.555升,怡宝,,
2600,怡宝纯净水瓶装350毫升,怡宝,,
2601,怡宝纯净水瓶装555毫升,怡宝,,
981,怡泉青柠味有气水410ml,怡泉水,,
982,怡泉水 Others,怡泉水,,
1555,恒大冰泉 Other,恒大冰泉,,
1554,斐泉 Other,斐泉,,
1561,昆仑山 other,昆仑山,,
1545,王屋岩泉 Other,王屋岩泉,,
2606,景田饮用纯净水瓶装1.5升,百岁山,,
2607,景田饮用纯净水瓶装360毫升,百岁山,,
2611,景田饮用纯净水瓶装4.6升,百岁山,,
2608,景田饮用纯净水瓶装560毫升,百岁山,,
1530,百岁山 Other,百岁山,,
1700,百岁山天然矿泉水瓶570ml,百岁山,,
2609,百岁山饮用天然矿泉水瓶装348毫升,百岁山,,
1695,纯水乐 Others,纯水乐,,
1721,纯水乐饮用天然水瓶1.5升,纯水乐,,
2583,纯水乐饮用纯净水350毫升,纯水乐,,
2596,纯水乐饮用纯净水550毫升,纯水乐,,
237,百事冰纯水600ML,纯水乐,,
1281,统一橙色天然水瓶570毫升,统一水,,
1068,统一浅绿色天然水瓶570毫升,统一水,,
1072,统一深绿色天然水瓶570毫升,统一水,,
2592,统一爱夸饮用天然矿泉水瓶装1500毫升(蓝色),统一水,,
2636,统一爱夸饮用天然矿泉水瓶装360毫升(紫红色),统一水,,
2637,统一爱夸饮用天然矿泉水瓶装360毫升(紫色),统一水,,
2638,统一爱夸饮用天然矿泉水瓶装360毫升(蓝色),统一水,,
2677,统一爱夸饮用天然矿泉水瓶装570毫升(IT联名款),统一水,,
1069,统一紫色天然水瓶570毫升,统一水,,
1280,统一红色天然水瓶570毫升,统一水,,
1070,统一黄色天然水瓶570毫升,统一水,,
244,统一优质矿物质水(塑料瓶)570ML,统一水,,
787,统一水 Others,统一水,,
1688,达能水 Others,达能水,,
1524,阿尔卑斯 Others,阿尔卑斯,,
439,Water Others,General,,
1302,冰露矿泉水550ml,冰露,,
1712,冰露矿泉水瓶3.8升,冰露,,
622,冰露纯悦包装饮用水塑料瓶1.5升,冰露,,
141,冰露矿物质水轻量1.5,冰露,,
58,冰露纯净水塑料1.5升,冰露,,
147,新冰露主流矿物质水纯悦塑料350,冰露,,
798,冰露纯悦包装饮用水塑料瓶350毫升,冰露,,
54,新冰露主流矿物质水塑料350,冰露,,
65,冰露机能水500,冰露,,
129,新冰露主流矿物质水纯悦塑料550,冰露,,
55,冰露矿物质水塑料550,冰露,,
57,冰露纯净水轻量瓶550,冰露,,
643,冰露纯悦包装饮用水塑料800毫升,冰露,,
372,冰露 Others,冰露,,
2267,康师傅包装饮用水瓶380毫升,康师傅水,,
238,康师傅矿物质水塑料瓶1500ML,康师傅水,,
660,KSF主烹飪瓶水350ml,康师傅水,,
659,KSF孔悅悅純水550ml,康师傅水,,
433,康师傅水 Others,康师傅水,,
1050,雀巢优活瓶装饮用水1.5升,雀巢,,
1051,雀巢优活瓶装饮用水330毫升,雀巢,,
1049,雀巢优活瓶装饮用水550毫升,雀巢,,
310,雀巢优活饮用水(塑料瓶)5000ML-CS,雀巢,,
413,雀巢 Others,雀巢,,
802,纯悦神纤水青柠黄瓜味风味饮料塑料480毫升,纯悦,,
803,纯悦神纤水塑料480ML,纯悦,,
804,纯悦 Other,纯悦,,
1073,娃哈哈呦饮用天然矿泉水596毫升,娃哈哈水,,
1273,娃哈哈纯净水550ml,娃哈哈水,,
249,娃哈哈饮用纯净水塑料瓶1500ML,娃哈哈水,,
245,娃哈哈纯净水(塑料瓶)350ML,娃哈哈水,,
948,娃哈哈飲用純淨水4.5升,娃哈哈水,,
250,娃哈哈富氧弱碱性饮用水450ML,娃哈哈水,,
247,娃哈哈纯净水塑料瓶596ML,娃哈哈水,,
248,娃哈哈活性含氧水(塑料瓶)600ML,娃哈哈水,,
444,娃哈哈水 Others,娃哈哈水,,
712,统一海之言果味饮料 海盐 黑加仑 500ml,统一海之言,,
225,统一海之言柠檬果味饮料果汁含量>=5%塑料瓶500ML-CS,统一海之言,,
598,海之言卡曼橘味果汁饮料瓶装500ML,统一海之言,,
393,统一海之言 Others,统一海之言,,
331,三得利柠檬味沁柠水饮料塑料瓶550ML-CS,三得利风味水,,
733,三得利 沁桃水550ml,三得利风味水,,
420,三得利风味水 Others,三得利风味水,,
