591,可口可乐塑料瓶 1.5公升,可口可乐,可口可乐瓶装1500毫升
521,可口可乐塑料1.0升,可口可乐,可口可乐瓶装1000毫升
13,可口可乐塑料瓶 1.25公升,可口可乐,可口可乐瓶装1250毫升
48,可口可乐塑料瓶 2公升,可口可乐,可口可乐瓶装2000毫升
51,可口可乐塑料瓶 2.3公升,可口可乐,可口可乐瓶装2300毫升
980,可口可乐塑料包装2.5升,可口可乐,可口可乐瓶装2500毫升
1725,可口可乐零度瓶1.5升,可口可乐零度,可口可乐零度瓶装1000毫升
1724,可口可乐零度瓶1升,可口可乐零度,可口可乐零度瓶装1500毫升
1726,可口可乐零度瓶2升,可口可乐零度,可口可乐零度瓶装2000毫升
1330,美汁源玫瑰风味葡萄汁饮料塑料瓶1升,美汁源,美汁源爽粒花语红葡萄+玫瑰瓶装1000毫升
686,美汁源爽粒花语槐花风味葡萄汁塑料瓶 1公升,美汁源,美汁源爽粒花语白葡萄+槐花瓶装1000毫升
687,美汁源三重果粒橙橙汁塑料瓶 1公升,美汁源,美汁源三重果粒橙瓶装1000毫升
688,美汁源热带果粒热带风味复合果汁塑料瓶 1公升,美汁源,美汁源热带果粒瓶装1000毫升
536,美汁源 淳萃柠 复合果汁饮料1L,美汁源,美汁源淳萃柠瓶装1000毫升
538,美汁源淳萃橙1L,美汁源,美汁源淳萃橙瓶装1000毫升
99,美汁源果粒橙塑料瓶 1.25公升,美汁源,美汁源果粒橙瓶装1250毫升
101,美汁源热带果粒塑料1.25L,美汁源,美汁源热带果粒瓶装1250毫升
106,美汁源白葡萄塑料1.25L,美汁源,美汁源爽粒葡萄瓶装1250毫升
87,美汁源粒橙塑料1.8,美汁源,美汁源果粒橙瓶装1800毫升
88,美汁源果粒橙塑料750毫升,美汁源,美汁源果粒橙瓶装750毫升
592,雪碧塑料瓶 1.5公升,雪碧,雪碧清爽柠檬味瓶装1500毫升
522,雪碧塑料瓶 1.0公升,雪碧,雪碧清爽柠檬味瓶装1000毫升
14,雪碧胶瓶 1.25公升,雪碧,雪碧清爽柠檬味瓶装1250毫升
49,雪碧塑料2升,雪碧,雪碧清爽柠檬味瓶装2000毫升
52,雪碧塑料2.3升,雪碧,雪碧清爽柠檬味瓶装2300毫升
979,雪碧塑料包装2.5L,雪碧,雪碧清爽柠檬味瓶装2500毫升
460,美汁源果粒奶优草莓味1.25L,果粒奶优,美汁源果粒奶优草莓味瓶装1250毫升
461,美汁源果粒奶优蜜桃味1.25L,果粒奶优,美汁源果粒奶优蜜桃味瓶装1250毫升
82,酷儿橙汁1.5L,酷儿果汁,酷儿橙汁瓶装1500毫升
1386,888ML芬达橙,芬达,芬达橙味瓶装888毫升
2343,芬达葡萄味汽水瓶装2升,芬达,芬达葡萄味瓶装2000毫升
621,芬达橙汁塑料瓶 1.0公升,芬达,芬达橙味瓶装1000毫升
15,芬达橙汁塑料瓶1.25L,芬达,芬达橙味瓶装1250毫升
144,芬达苹果塑料2升,芬达,芬达苹果味瓶装2000毫升
50,芬达橙汁塑料2升,芬达,芬达橙味瓶装2000毫升
53,芬达橙汁塑料2.3升,芬达,芬达橙味瓶装2300毫升
1712,冰露矿泉水瓶3.8升,冰露,冰露包装饮用水瓶装3800毫升
622,冰露纯悦包装饮用水塑料瓶1.5升,冰露,冰露包装饮用水瓶装1500毫升
141,冰露矿物质水轻量1.5,冰露,冰露包装饮用水瓶装1500毫升
58,冰露纯净水塑料1.5升,冰露,冰露饮用纯净水瓶装1500毫升
643,冰露纯悦包装饮用水塑料800毫升,冰露,纯悦包装饮用水瓶装800毫升
1785,阳光经典柠檬茶味饮料 250ml,阳光,可口可乐阳光经典柠檬茶盒装250毫升
1784,阳光经典柠檬茶味饮料 500ml,阳光,可口可乐阳光经典柠檬茶瓶装500毫升
1810,阳光菊花茶味饮料 250ml,阳光,可口可乐阳光菊花茶盒装250毫升
1783,阳光菊花茶味饮料 500ml,阳光,可口可乐阳光菊花茶瓶装500毫升
